/*!40101 SET NAMES utf8 */;

/*!40101 SET SQL_MODE=''*/;

/*!40014 SET @OLD_UNIQUE_CHECKS=@@UNIQUE_CHECKS, UNIQUE_CHECKS=0 */;
/*!40014 SET @OLD_FOREIGN_KEY_CHECKS=@@FOREIGN_KEY_CHECKS, FOREIGN_KEY_CHECKS=0 */;
/*!40101 SET @OLD_SQL_MODE=@@SQL_MODE, SQL_MODE='NO_AUTO_VALUE_ON_ZERO' */;
/*!40111 SET @OLD_SQL_NOTES=@@SQL_NOTES, SQL_NOTES=0 */;

-- ----------------------------
-- Table structure for gis_poi
-- ----------------------------
DROP TABLE IF EXISTS `gis_poi`;
CREATE TABLE `gis_poi`  (
                            `id` varchar(100) CHARACTER SET utf8 COLLATE utf8_general_ci NULL DEFAULT NULL COMMENT '主键',
                            `abbrname` varchar(100) CHARACTER SET utf8 COLLATE utf8_general_ci NULL DEFAULT NULL COMMENT '简称',
                            `fullname` varchar(200) CHARACTER SET utf8 COLLATE utf8_general_ci NULL DEFAULT NULL COMMENT '用于匹配地址',
                            `lat` varchar(100) CHARACTER SET utf8 COLLATE utf8_general_ci NULL DEFAULT NULL COMMENT '纬度',
                            `lng` varchar(100) CHARACTER SET utf8 COLLATE utf8_general_ci NULL DEFAULT NULL COMMENT '经度',
                            `regioncode` varchar(100) CHARACTER SET utf8 COLLATE utf8_general_ci NULL DEFAULT NULL COMMENT '所属区域',
                            `type` varchar(100) CHARACTER SET utf8 COLLATE utf8_general_ci NULL DEFAULT NULL COMMENT '类型',
                            `address` varchar(100) CHARACTER SET utf8 COLLATE utf8_general_ci NULL DEFAULT NULL COMMENT '地址'
) ENGINE = InnoDB CHARACTER SET = utf8 COLLATE = utf8_general_ci ROW_FORMAT = Dynamic;

-- ----------------------------
-- Records of gis_poi
-- ----------------------------
INSERT INTO `gis_poi` VALUES ('1', '王者网吧', '厦门市思明区中山路32号,王者网吧1', '24.45762634277344', '118.16104888916017', '350203', '101005', '厦门市思明区中山路32号');
INSERT INTO `gis_poi` VALUES ('2', '蓝天网吧', '厦门市湖里区仙乐路3号,蓝天网吧', '24.51427459716797', '118.1088638305664', '350206', '101005', '厦门市湖里区仙乐路3号');
INSERT INTO `gis_poi` VALUES ('3', '英杰网吧', '厦门市湖里区仙乐路46号,英杰网吧', '24.49779510498047', '118.10405731201172', '350206', '101005', '厦门市湖里区仙乐路46号');
INSERT INTO `gis_poi` VALUES ('4', '天宇网吧', '厦门市思明区中山路67号,天宇网吧', '24.45762634277344', '118.08071136474611', '350203', '101005', '厦门市思明区中山路67号');
INSERT INTO `gis_poi` VALUES ('55', '七天酒店', '厦门市思明区中山路2号,七天酒店', '24.482345581054688', '118.16963195800783', '350203', '101007', '厦门市思明区中山路2号');
INSERT INTO `gis_poi` VALUES ('66', '如家酒店', '厦门市思明区中山路89号,如家酒店', '24.466209411621094', '118.10131072998047', '350203', '101007', '厦门市思明区中山路89号');
INSERT INTO `gis_poi` VALUES ('77', '格林豪泰大酒店', '厦门市思明区环岛路47号,格林豪泰大酒店', '24.46552276611328', '118.0759048461914', '350203', '101007', '厦门市思明区环岛路47号');
INSERT INTO `gis_poi` VALUES ('88', '戴斯酒店', '厦门市湖里区仙乐路37号,戴斯酒店', '24.528350830078125', '118.15830230712889', '350206', '101007', '厦门市湖里区仙乐路37号');
INSERT INTO `gis_poi` VALUES ('222', '集美区集美大桥入口处', '厦门市集美区集美大桥入口处（进岛方向）,集美区集美大桥入口处', '24.571609497070312', '118.05805206298828', '350211', '101009', '厦门市集美区集美大桥入口处（进岛方向）');
INSERT INTO `gis_poi` VALUES ('333', '海沧区海沧大桥入口处', '厦门市海沧区海沧大桥入口处（进岛方向）,海沧区海沧大桥入口处', '24.498481750488285', '118.05633544921874', '350205', '101009', '厦门市海沧区海沧大桥入口处（进岛方向）');


-- ----------------------------
-- Table structure for gis_user
-- ----------------------------
DROP TABLE IF EXISTS `gis_user`;
CREATE TABLE `gis_user`  (
                             `id` int(50) NOT NULL AUTO_INCREMENT,
                             `username` varchar(50) CHARACTER SET utf8 COLLATE utf8_general_ci NOT NULL,
                             `password` varchar(50) CHARACTER SET utf8 COLLATE utf8_general_ci NULL DEFAULT NULL,
                             `userid` varchar(50) CHARACTER SET utf8 COLLATE utf8_general_ci NOT NULL,
                             `cjsj` date NULL DEFAULT NULL,
                             `sfzh` varchar(50) CHARACTER SET utf8 COLLATE utf8_general_ci NULL DEFAULT NULL,
                             `phone` varchar(50) CHARACTER SET utf8 COLLATE utf8_general_ci NULL DEFAULT NULL,
                             `type` varchar(50) CHARACTER SET utf8 COLLATE utf8_general_ci NULL DEFAULT NULL,
                             PRIMARY KEY (`id`) USING BTREE
) ENGINE = InnoDB AUTO_INCREMENT = 28 CHARACTER SET = utf8 COLLATE = utf8_general_ci ROW_FORMAT = Dynamic;

-- ----------------------------
-- Records of gis_user
-- ----------------------------
INSERT INTO `gis_user` VALUES (10, '超级管理员', '123456', 'super', '2018-03-26', '100000000000000000', '18359277322', '超级管理员');
INSERT INTO `gis_user` VALUES (13, '普通管理员', '123456', 'admin', '2018-03-26', '200000000000000000', '18559274808', '普通管理员');
INSERT INTO `gis_user` VALUES (16, '陈斌才', 'cbc', 'cbc', '2020-01-13', '350681199003193012', '18362956421', '一般用户');

-- ----------------------------
-- Table structure for gis_zzjg
-- ----------------------------
DROP TABLE IF EXISTS `gis_zzjg`;
CREATE TABLE `gis_zzjg`  (
                             `ID` varchar(50) CHARACTER SET utf8 COLLATE utf8_general_ci NULL DEFAULT NULL,
                             `NAME` varchar(50) CHARACTER SET utf8 COLLATE utf8_general_ci NULL DEFAULT NULL,
                             `PID` varchar(50) CHARACTER SET utf8 COLLATE utf8_general_ci NULL DEFAULT NULL,
                             `LNG` varchar(50) CHARACTER SET utf8 COLLATE utf8_general_ci NULL DEFAULT NULL,
                             `LAT` varchar(50) CHARACTER SET utf8 COLLATE utf8_general_ci NULL DEFAULT NULL,
                             `ZBC` text CHARACTER SET utf8 COLLATE utf8_general_ci NULL,
                             `JB` varchar(50) CHARACTER SET utf8 COLLATE utf8_general_ci NULL DEFAULT NULL
) ENGINE = InnoDB CHARACTER SET = utf8 COLLATE = utf8_general_ci ROW_FORMAT = Dynamic;

-- ----------------------------
-- Records of gis_zzjg
-- ----------------------------
INSERT INTO `gis_zzjg` VALUES ('350200', '厦门市', '350000', '118.1162757167948', '24.676588455800726', 'MULTIPOLYGON(((118.0707979 24.4405776400001,118.067437415 24.4385956,118.06744022 24.44005865,118.065834936 24.44146039,118.064917906 24.4418644250001,118.059835856 24.4422867500001,118.05492294 24.444424155,118.05534363 24.4486299060001,118.057380755 24.45377025,118.062039195 24.4553310850001,118.06310392 24.4552696850001,118.071848456 24.446838165,118.07268779 24.4435540750001,118.0707979 24.4405776400001)),((118.16247966 24.51496489,118.163119815 24.5149002650001,118.168108675 24.5169692600001,118.17157085 24.5193727110001,118.17895297 24.5282033450001,118.17906497 24.5299217300001,118.17729091 24.5346224300001,118.175881005 24.5398679300001,118.176293366 24.5404342910001,118.186776485 24.535316955,118.191792835 24.53237087,118.195126065 24.52801685,118.194678615 24.5256361450001,118.194868985 24.5127025200001,118.195283005 24.5047194850001,118.195776915 24.49519464,118.197540725 24.4862611900001,118.198709111 24.48467179,118.19746512 24.4796920750001,118.193720925 24.47263911,118.19206939 24.4701572500001,118.191096885 24.469813115,118.19029396 24.4699866650001,118.187172251 24.47201246,118.177649865 24.45922963,118.16756217 24.45131386,118.150054675 24.438908385,118.13848194 24.429947316,118.136531355 24.42790575,118.134635935 24.424816101,118.13321641 24.423208505,118.120063455 24.4270298100001,118.1162709 24.4295081700001,118.10618488 24.430165215,118.102651266 24.4298243050001,118.095891525 24.43408487,118.08632631 24.435592915,118.082999015 24.438949075,118.074371855 24.4511920200001,118.070540445 24.4552100500001,118.06824063 24.4584318350001,118.067599025 24.4622784600001,118.068090595 24.4649280150001,118.071837785 24.4775121710001,118.07180043 24.477632015,118.071488665 24.4786322900001,118.07058612 24.4851267650001,118.072631415 24.49706437,118.074470021 24.501087775,118.079383735 24.5100670050001,118.082940646 24.521526775,118.08284865 24.5222837650001,118.08928108 24.54006967,118.094896365 24.5461129400001,118.098497555 24.5493140560001,118.10192941 24.553354095,118.103508471 24.5546254610001,118.11319048 24.55493341,118.13499901 24.5580774250001,118.136104905 24.5583325850001,118.137641565 24.5592330100001,118.13894349 24.5594882400001,118.141716025 24.5592853200001,118.142768975 24.558757165,118.148268565 24.55243504,118.154521385 24.5466823460001,118.15601347 24.5461782350001,118.16208535 24.5461099400001,118.17234526 24.5420373800001,118.17092009 24.5394980350001,118.167649205 24.5371907200001,118.166939865 24.5362551000001,118.166510175 24.5349491900001,118.166667035 24.53316054,118.17074216 24.52847447,118.17092946 24.52479895,118.170374955 24.5228763050001,118.16966833 24.5214574450001,118.168373745 24.520090871,118.166915665 24.5194076700001,118.162459961 24.5184117700001,118.161651445 24.51726889,118.161624565 24.5158090150001,118.16247966 24.51496489)),((118.325406266 24.5692305200001,118.325754726 24.568862305,118.327923791 24.56936718,118.330544575 24.5699771450001,118.34332215 24.568512265,118.349270335 24.564514226,118.349441496 24.5638779650001,118.350266245 24.5608120750001,118.348636825 24.55709589,118.34386885 24.546220245,118.3383007 24.5424304650001,118.328827835 24.5430730150001,118.328694905 24.5430820300001,118.322184745 24.5443477900001,118.319726445 24.54612066,118.319484915 24.5467134400001,118.318899355 24.5481505500001,118.319233055 24.548897245,118.31866456 24.5495759200001,118.316475005 24.55218975,118.31294081 24.5542072800001,118.3095956 24.556116785,118.309489745 24.556177205,118.307365655 24.55696934,118.30692509 24.5571336400001,118.306652986 24.5572351060001,118.305622685 24.5576193150001,118.305153931 24.55779412,118.30293717 24.55445338,118.296700565 24.5574135050001,118.29182001 24.5616986200001,118.293064645 24.56742268,118.30408262 24.5735727050001,118.306708915 24.5750384400001,118.309745036 24.5755456100001,118.316686126 24.57610426,118.3171555 24.5761420200001,118.319476985 24.575363705,118.324640315 24.57003989,118.325406266 24.5692305200001)),((118.03944352 24.8954986150001,118.039018815 24.89451504,118.036799895 24.8943460850001,118.03592927 24.8938182950001,118.035769295 24.893412895,118.036120375 24.89180215,118.03821148 24.88608344,118.04338931 24.8813577600001,118.04688968 24.874154665,118.04702375 24.873639005,118.053394375 24.869527905,118.05463595 24.86920128,118.05711309 24.8693331750001,118.05828086 24.8702399050001,118.05956961 24.87342534,118.05896192 24.8747486350001,118.059018605 24.875839435,118.06090182 24.8783697600001,118.062020425 24.87827745,118.068901475 24.8776581500001,118.070126805 24.87743851,118.070220925 24.87542029,118.068854805 24.870256715,118.067930235 24.86530523,118.06693225 24.8578776700001,118.067483955 24.85707834,118.072877645 24.85609978,118.0749453 24.8568345100001,118.076979905 24.8600728550001,118.07887685 24.8644255300001,118.080332175 24.8656074300001,118.092859115 24.8742520700001,118.093266475 24.8744298,118.096894115 24.875045275,118.099079835 24.87489428,118.10270376 24.875023415,118.108655175 24.87663309,118.11050186 24.8783219000001,118.11140576 24.88078826,118.112712555 24.88236841,118.11527393 24.8850623500001,118.120253985 24.8894078750001,118.12284594 24.891074335,118.13270968 24.896569135,118.133826505 24.8968253350001,118.13466714 24.896887775,118.136819345 24.8962962000001,118.1400278 24.8950727600001,118.145370145 24.8942624900001,118.14964851 24.89452865,118.15142589 24.894823665,118.15202774 24.8953275850001,118.154016135 24.898000645,118.15778871 24.900201145,118.16698062 24.9004375800001,118.16886069 24.8997003200001,118.172144555 24.89746096,118.18138218 24.89504507,118.189954885 24.895490835,118.1911489 24.8953145300001,118.1927638 24.8937081300001,118.19792434 24.8873557050001,118.20014201 24.8839474650001,118.19832346 24.8836275100001,118.196189745 24.8839127750001,118.19436554 24.882838775,118.189102495 24.874492445,118.18912853 24.873264905,118.191430885 24.870878035,118.192968565 24.8696402300001,118.19992919 24.866104765,118.219051535 24.854007225,118.221505945 24.8516127450001,118.22117888 24.8510667400001,118.21994424 24.84311165,118.219879505 24.8422632950001,118.22231056 24.8384986200001,118.22442502 24.835666475,118.227130145 24.8334077150001,118.2278002 24.8325354400001,118.22890831 24.8301064300001,118.22876392 24.829026185,118.22819003 24.8279290450001,118.22845196 24.827233865,118.23199942 24.8260631700001,118.23365241 24.82554865,118.236298895 24.8252227300001,118.23969249 24.82690897,118.24085571 24.8279042300001,118.241189485 24.82856302,118.24160823 24.82960717,118.24181535 24.832572,118.24274184 24.8333140550001,118.24631038 24.8353960600001,118.24704865 24.8352771950001,118.249762345 24.8332865450001,118.250841315 24.8302367700001,118.259493465 24.8271364350001,118.261672185 24.8270756900001,118.263226665 24.827742465,118.264058215 24.829101485,118.26619278 24.8318043300001,118.27008629 24.8347658600001,118.279939805 24.8360229,118.29282819 24.831622225,118.29602573 24.8299788950001,118.29848529 24.82871197,118.30034938 24.8277128600001,118.30040228 24.826990075,118.299380575 24.82296217,118.301633945 24.8178206600001,118.305792015 24.81419585,118.31228675 24.8090971300001,118.320493775 24.80093121,118.324884785 24.7930799850001,118.322692565 24.7883150550001,118.32052286 24.78754345,118.31856818 24.7863073450001,118.321145535 24.783357155,118.33100438 24.7773528050001,118.332815605 24.7784266400001,118.332437905 24.7792698050001,118.332968025 24.781631095,118.334175465 24.783534995,118.33946745 24.7829260950001,118.339970685 24.78254027,118.34320862 24.7730295850001,118.343159085 24.7726800950001,118.341048435 24.77111717,118.34008095 24.771564605,118.33756805 24.7736987650001,118.33635505 24.7749856350001,118.33519164 24.7760861450001,118.332524475 24.772072725,118.33219102 24.77069397,118.331015875 24.75577015,118.32569514 24.75634361,118.325233545 24.7563981500001,118.315792735 24.7542868250001,118.3146143 24.7538206250001,118.31310866 24.7527317650001,118.311759925 24.7495374750001,118.31323244 24.7473079700001,118.32072453 24.73629684,118.328281385 24.7344709450001,118.329644775 24.732982715,118.33066259 24.7318315850001,118.33242907 24.729524865,118.33597011 24.72483679,118.333528095 24.7210899400001,118.320587285 24.702474685,118.31962293 24.701600215,118.31848401 24.7010229850001,118.31711646 24.70027386,118.316779365 24.697639855,118.318084435 24.69558548,118.31921367 24.693952605,118.32044662 24.6921992750001,118.32907942 24.6879034,118.3331954 24.686420755,118.3369045 24.6841783300001,118.33737505 24.6836760200001,118.336874585 24.6818217750001,118.336105085 24.6807448000001,118.33452803 24.6796815750001,118.33421345 24.678187505,118.33423474 24.676850825,118.33555676 24.67468337,118.33605759 24.6740153000001,118.343652835 24.6697456700001,118.3468522 24.66898847,118.349629095 24.666288305,118.349658555 24.66605402,118.34727453 24.6553399700001,118.34360257 24.6488836350001,118.339403775 24.6457843100001,118.34011576 24.643145765,118.34149597 24.6399708700001,118.342576405 24.6374871350001,118.344302635 24.6338035000001,118.34380211 24.6300733850001,118.341996005 24.6215035000001,118.3407216 24.6204231350001,118.332145935 24.618968755,118.326123235 24.608222535,118.3247866 24.60452616,118.325588945 24.6020330050001,118.328755595 24.60002236,118.33068653 24.6005555250001,118.3314633 24.600817405,118.333279395 24.60218568,118.33595586 24.60424987,118.337864755 24.5969306750001,118.33845486 24.5946323650001,118.34126985 24.591924185,118.345796855 24.5885790150001,118.347196785 24.5879379,118.348664195 24.588496455,118.35023086 24.5863618000001,118.35110316 24.5819250750001,118.351345475 24.581073915,118.339626035 24.5790196500001,118.331145675 24.5780994350001,118.32353715 24.579293465,118.32294517 24.5818356350001,118.316877706 24.5811441000001,118.307160615 24.5794596000001,118.302340055 24.5817113250001,118.294439125 24.583603055,118.29003867 24.585752895,118.28820404 24.5793203150001,118.293491045 24.577939755,118.29337752 24.576531936,118.292128445 24.5741582800001,118.287393165 24.5687218900001,118.270969425 24.559684385,118.266712525 24.5581869700001,118.25657111 24.5536186150001,118.251428 24.5474886050001,118.252890905 24.5454826160001,118.25411001 24.542474155,118.24789271 24.5367808400001,118.24425473 24.5355047050001,118.242090575 24.5355834550001,118.22872746 24.538745555,118.223012716 24.5446786700001,118.21248126 24.55085057,118.20045524 24.5612322150001,118.19110188 24.56800903,118.190555165 24.5767911450001,118.191901055 24.577124,118.19292385 24.5787507250001,118.192496205 24.5926523800001,118.191218805 24.5943057750001,118.189424515 24.59764284,118.189071665 24.5999483900001,118.189801265 24.6028868400001,118.1905634 24.603070646,118.1923691 24.6049622900001,118.192067925 24.6217076200001,118.19151948 24.6221814300001,118.18885813 24.622716575,118.182093906 24.6228133450001,118.17981251 24.624862615,118.179940305 24.628898405,118.18179283 24.6305008300001,118.188988955 24.6351689910001,118.19506645 24.6395293310001,118.201260575 24.6466699650001,118.203281416 24.6512690000001,118.19817636 24.6514801000001,118.190826915 24.65554632,118.18719713 24.6581569250001,118.185388885 24.66100648,118.18491088 24.66138483,118.18241665 24.663359015,118.17941157 24.660656385,118.180982075 24.65803277,118.18215089 24.6542670750001,118.181357325 24.6498390200001,118.178004295 24.642215435,118.16937988 24.6338277900001,118.16514598 24.63729131,118.16571702 24.640133301,118.152594315 24.6439862300001,118.15196833 24.6435917650001,118.150392165 24.64267855,118.150192875 24.641850715,118.15388655 24.6402291700001,118.15439269 24.6393960950001,118.1488137 24.6334480150001,118.147239465 24.631082285,118.144150495 24.625152445,118.14319413 24.6198702950001,118.140223635 24.613626175,118.134834915 24.606266265,118.12660005 24.5977082100001,118.123247785 24.594223895,118.113208306 24.58513078,118.109818895 24.580449995,118.107641975 24.57454913,118.10308309 24.568253945,118.101432596 24.5666641060001,118.09888536 24.5655351400001,118.08967805 24.564786935,118.08651144 24.565043825,118.086018625 24.5673591950001,118.068296975 24.570165445,118.06321565 24.5623013050001,118.05729629 24.5545080000001,118.051124195 24.556104325,118.03053984 24.551298495,118.03053557 24.55074647,118.03049787 24.5458726100001,118.030458595 24.5407948550001,118.03043094 24.5372188650001,118.030430935 24.5372181550001,118.030428015 24.5368403250001,118.0332838 24.5337328300001,118.03735247 24.531682925,118.04009112 24.53108675,118.04284706 24.5313664350001,118.04280429 24.5332993850001,118.043192566 24.53369417,118.046249265 24.5345136550001,118.04904505 24.533673095,118.07022708 24.507909705,118.0703073 24.5072092450001,118.06964132 24.505802685,118.06746996 24.50290499,118.056602865 24.495475035,118.046110725 24.4856025450001,118.03876013 24.4781221600001,118.03671363 24.4757586050001,118.03513836 24.4729953250001,118.03437492 24.4686427400001,118.034949835 24.46435539,118.04013731 24.4561076200001,118.042704745 24.44699402,118.042798425 24.4404534710001,118.026644875 24.44130153,118.02109148 24.4441273800001,117.975426485 24.45347631,117.96106339 24.45641153,117.95419749 24.45969139,117.95528526 24.4645902,117.951707495 24.4654783300001,117.95504696 24.4673195,117.95637425 24.47046219,117.957031725 24.4723809550001,117.95874108 24.48179759,117.959437955 24.4856915450001,117.95981875 24.4940838700001,117.95739365 24.502357595,117.945055775 24.5101926200001,117.935213095 24.515156905,117.93269611 24.51899379,117.93388504 24.5220601300001,117.933735635 24.52446337,117.92882674 24.53105621,117.92797268 24.531828385,117.92699938 24.532689685,117.92587537 24.53332012,117.920590665 24.53500831,117.91771778 24.5349076900001,117.915704525 24.5345055650001,117.91417666 24.534200995,117.908143565 24.5387584900001,117.90850418 24.5425363150001,117.90879365 24.5447542850001,117.90770153 24.55363034,117.90515269 24.5574183800001,117.90487152 24.557680555,117.904526965 24.5588437100001,117.906168935 24.561201995,117.91003679 24.569161885,117.909952925 24.571068445,117.9089744 24.5741539950001,117.907365405 24.5762175850001,117.905617635 24.57767181,117.88737367 24.59014067,117.885191175 24.590969075,117.88433853 24.5915397000001,117.88360211 24.5930739450001,117.88374061 24.593719455,117.88502325 24.5939135300001,117.886232455 24.5945445900001,117.887014435 24.595099755,117.890124125 24.600224595,117.89023537 24.60252037,117.889666675 24.6030753200001,117.8893153 24.604394545,117.888559105 24.6111991700001,117.889443395 24.61742136,117.89501148 24.6170806050001,117.902197915 24.6164547000001,117.90975766 24.6163663500001,117.91467256 24.6163097200001,117.91769267 24.618197825,117.921529545 24.622398945,117.923551275 24.6291655100001,117.9246511 24.6313123950001,117.927425495 24.6361759750001,117.929369615 24.6378876900001,117.93140228 24.639095255,117.93402738 24.6401376950001,117.936507235 24.6403372550001,117.93750185 24.640910825,117.940206825 24.645916115,117.948813925 24.6495464550001,117.95046398 24.65080729,117.951412585 24.652765345,117.95958434 24.661798795,117.962556525 24.6642773200001,117.96104368 24.6836809700001,117.954686515 24.697681275,117.95165025 24.707563565,117.94689964 24.712775745,117.944001395 24.7147508250001,117.943507155 24.7164060600001,117.94079268 24.72808474,117.93770952 24.734646115,117.93747734 24.735428165,117.93663696 24.7403506700001,117.937516395 24.7456223500001,117.939552975 24.7521151,117.940930095 24.7533926300001,117.942061465 24.7540127300001,117.94335193 24.7625700950001,117.948549 24.766919935,117.950013505 24.7683368300001,117.95077386 24.769586325,117.95630864 24.78107097,117.95666411 24.78279931,117.959311475 24.7981353000001,117.958186515 24.7997893250001,117.956944565 24.8005907100001,117.95668843 24.8010694000001,117.95578827 24.80593616,117.95553815 24.808722055,117.95541168 24.813456805,117.95689028 24.816743295,117.958404395 24.822431985,117.9556253 24.8269722900001,117.956259175 24.833329835,117.95778099 24.8384925450001,117.959072555 24.841845015,117.95974682 24.8437394900001,117.95959745 24.8451594700001,117.958608315 24.8469775350001,117.954562765 24.8485663750001,117.951760455 24.8486977650001,117.94392232 24.846981515,117.94268113 24.84538488,117.941205545 24.8435970200001,117.936621065 24.8456911700001,117.932540675 24.853785085,117.93001187 24.8594186300001,117.924434755 24.8643274200001,117.92100546 24.8661367550001,117.920121995 24.8658332150001,117.91896008 24.86590783,117.91481496 24.86848185,117.91359424 24.869245925,117.909143065 24.8721301800001,117.911488405 24.877004265,117.91627285 24.88531203,117.92903313 24.87623165,117.93044542 24.8730405800001,117.93204731 24.8694360800001,117.933720465 24.86951191,117.93623822 24.8701650400001,117.94391294 24.8737840900001,117.950921725 24.8742734100001,117.95358141 24.87309687,117.95816185 24.869562095,117.95871858 24.86909888,117.959116865 24.868474275,117.95981108 24.8658581400001,117.959954135 24.8636223600001,117.95999464 24.861692555,117.962444715 24.85744085,117.970906175 24.851678275,117.98176302 24.8568821600001,117.991827575 24.8608776350001,117.994019445 24.8651550600001,117.991314595 24.86715916,117.98887497 24.86986484,117.98835399 24.8712694000001,117.9881419 24.8747982250001,117.9889715 24.8761305850001,117.990401795 24.877564675,117.993785505 24.880953145,117.998082435 24.881945075,117.999690215 24.88194364,118.00081336 24.88085096,118.0022613 24.8796028200001,118.00629026 24.8775496800001,118.00748738 24.87721903,118.01118431 24.8772652600001,118.01173688 24.877587125,118.012434775 24.878637645,118.012405785 24.879338095,118.0116665 24.883084485,118.010832505 24.8841742750001,118.003213555 24.892767705,118.000967715 24.8940371100001,117.996843685 24.894306525,117.992946415 24.8946205350001,117.99044737 24.8952506200001,117.987294265 24.89699563,117.9864543 24.898186825,117.98637872 24.8993982550001,117.98667933 24.89997585,117.99056704 24.9035105300001,117.9939447 24.90325353,117.99762692 24.9024362650001,117.99940952 24.9015230250001,118.00053424 24.8979658600001,118.005449375 24.8954502550001,118.01047373 24.8952054550001,118.012826185 24.8952938250001,118.014126415 24.8961985,118.01416503 24.8973038950001,118.01196271 24.8984642500001,118.011650765 24.9013885800001,118.01216627 24.904703135,118.01309692 24.90630678,118.013850685 24.90692325,118.03312116 24.9027031250001,118.0355068 24.9015583350001,118.037079545 24.9004963450001,118.03944352 24.8954986150001)))', '2');
INSERT INTO `gis_zzjg` VALUES ('350203', '思明区', '350200', '118.12605729137768', '24.465944855148653', 'MULTIPOLYGON(((118.0707979 24.4405776400001,118.067437415 24.4385956,118.06744022 24.44005865,118.065834936 24.44146039,118.064917906 24.4418644250001,118.059835856 24.4422867500001,118.05492294 24.444424155,118.05534363 24.4486299060001,118.057380755 24.45377025,118.062039195 24.4553310850001,118.06310392 24.4552696850001,118.071848456 24.446838165,118.07268779 24.4435540750001,118.0707979 24.4405776400001)),((118.122044115 24.5047350300001,118.1244797 24.4917909700001,118.12528989 24.4918676450001,118.127639635 24.4938070700001,118.130934985 24.4945205550001,118.135505925 24.4944610700001,118.142237395 24.4920183,118.14174759 24.48818822,118.14044958 24.4830000900001,118.141442215 24.4825358350001,118.14479979 24.4829763650001,118.15301583 24.48466625,118.16411708 24.487503905,118.170294445 24.4916395400001,118.18291575 24.5000654150001,118.187673565 24.500314685,118.19119828 24.5004116900001,118.19226709 24.5008350000001,118.19264763 24.5010981300001,118.193750575 24.5022925000001,118.195283005 24.5047194850001,118.195776915 24.49519464,118.197540725 24.4862611900001,118.198709111 24.48467179,118.19746512 24.4796920750001,118.193720925 24.47263911,118.19206939 24.4701572500001,118.191096885 24.469813115,118.19029396 24.4699866650001,118.187172251 24.47201246,118.177649865 24.45922963,118.16756217 24.45131386,118.150054675 24.438908385,118.13848194 24.429947316,118.136531355 24.42790575,118.134635935 24.424816101,118.13321641 24.423208505,118.120063455 24.4270298100001,118.1162709 24.4295081700001,118.10618488 24.430165215,118.102651266 24.4298243050001,118.095891525 24.43408487,118.08632631 24.435592915,118.082999015 24.438949075,118.074371855 24.4511920200001,118.070540445 24.4552100500001,118.06824063 24.4584318350001,118.067599025 24.4622784600001,118.068090595 24.4649280150001,118.071837785 24.4775121710001,118.07180043 24.477632015,118.0738557 24.479028375,118.08152521 24.4850163250001,118.08283579 24.4880667950001,118.08443737 24.4906747150001,118.088778375 24.4939374350001,118.096111805 24.498455935,118.10475712 24.5024272000001,118.12043023 24.50714126,118.121601985 24.505914235,118.122044115 24.5047350300001)))', '3');
INSERT INTO `gis_zzjg` VALUES ('350206', '湖里区', '350200', '118.13391186612597', '24.52014598684515', 'MULTIPOLYGON(((118.141716025 24.5592853200001,118.142768975 24.558757165,118.148268565 24.55243504,118.154521385 24.5466823460001,118.15601347 24.5461782350001,118.16208535 24.5461099400001,118.17234526 24.5420373800001,118.17092009 24.5394980350001,118.167649205 24.5371907200001,118.166939865 24.5362551000001,118.166510175 24.5349491900001,118.166667035 24.53316054,118.17074216 24.52847447,118.17092946 24.52479895,118.170374955 24.5228763050001,118.16966833 24.5214574450001,118.168373745 24.520090871,118.166915665 24.5194076700001,118.162459961 24.5184117700001,118.161651445 24.51726889,118.161624565 24.5158090150001,118.16247966 24.51496489,118.163119815 24.5149002650001,118.168108675 24.5169692600001,118.17157085 24.5193727110001,118.17895297 24.5282033450001,118.17906497 24.5299217300001,118.17729091 24.5346224300001,118.175881005 24.5398679300001,118.176293366 24.5404342910001,118.186776485 24.535316955,118.191792835 24.53237087,118.195126065 24.52801685,118.194678615 24.5256361450001,118.194868985 24.5127025200001,118.195283005 24.5047194850001,118.193750575 24.5022925000001,118.19264763 24.5010981300001,118.19226709 24.5008350000001,118.19119828 24.5004116900001,118.187673565 24.500314685,118.18291575 24.5000654150001,118.170294445 24.4916395400001,118.16411708 24.487503905,118.15301583 24.48466625,118.14479979 24.4829763650001,118.141442215 24.4825358350001,118.14044958 24.4830000900001,118.14174759 24.48818822,118.142237395 24.4920183,118.135505925 24.4944610700001,118.130934985 24.4945205550001,118.127639635 24.4938070700001,118.12528989 24.4918676450001,118.1244797 24.4917909700001,118.122044115 24.5047350300001,118.121601985 24.505914235,118.12043023 24.50714126,118.10475712 24.5024272000001,118.096111805 24.498455935,118.088778375 24.4939374350001,118.08443737 24.4906747150001,118.08283579 24.4880667950001,118.08152521 24.4850163250001,118.0738557 24.479028375,118.07180043 24.477632015,118.071488665 24.4786322900001,118.07058612 24.4851267650001,118.072631415 24.49706437,118.074470021 24.501087775,118.079383735 24.5100670050001,118.082940646 24.521526775,118.08284865 24.5222837650001,118.08928108 24.54006967,118.094896365 24.5461129400001,118.098497555 24.5493140560001,118.10192941 24.553354095,118.103508471 24.5546254610001,118.11319048 24.55493341,118.13499901 24.5580774250001,118.136104905 24.5583325850001,118.137641565 24.5592330100001,118.13894349 24.5594882400001,118.141716025 24.5592853200001)))', '3');
INSERT INTO `gis_zzjg` VALUES ('350205', '海沧区', '350200', '117.97507741094263', '24.531081701404073', 'MULTIPOLYGON(((117.94237968 24.6426414900001,117.942950795 24.64210059,117.94650981 24.64041281,117.94793102 24.6402799250001,117.949011975 24.639621935,117.951015325 24.6360111700001,117.95326742 24.631713845,117.95172019 24.6286200600001,117.951168585 24.6279813,117.949769 24.6277671,117.947085725 24.62308353,117.943554985 24.61476507,117.94340296 24.6127573050001,117.944614725 24.608822515,117.94614392 24.6054629600001,117.953014045 24.59376123,117.957308005 24.5851570200001,117.96186774 24.5832994900001,117.964126905 24.58409622,117.96787211 24.58369034,117.969073545 24.583506605,117.969430795 24.583336225,117.970128045 24.582961445,117.972983005 24.580343785,117.975129245 24.5778365300001,117.984231595 24.5655250900001,117.98339789 24.5539056700001,117.994165665 24.551158715,118.001955115 24.549516295,118.029892815 24.54573407,118.03049787 24.5458726100001,118.030458595 24.5407948550001,118.03043094 24.5372188650001,118.030430935 24.5372181550001,118.030428015 24.5368403250001,118.0332838 24.5337328300001,118.03735247 24.531682925,118.04009112 24.53108675,118.04284706 24.5313664350001,118.04280429 24.5332993850001,118.043192566 24.53369417,118.046249265 24.5345136550001,118.04904505 24.533673095,118.07022708 24.507909705,118.0703073 24.5072092450001,118.06964132 24.505802685,118.06746996 24.50290499,118.056602865 24.495475035,118.046110725 24.4856025450001,118.03876013 24.4781221600001,118.03671363 24.4757586050001,118.03513836 24.4729953250001,118.03437492 24.4686427400001,118.034949835 24.46435539,118.04013731 24.4561076200001,118.042704745 24.44699402,118.042798425 24.4404534710001,118.026644875 24.44130153,118.02109148 24.4441273800001,117.975426485 24.45347631,117.96106339 24.45641153,117.95419749 24.45969139,117.95528526 24.4645902,117.951707495 24.4654783300001,117.95504696 24.4673195,117.95637425 24.47046219,117.957031725 24.4723809550001,117.95874108 24.48179759,117.959437955 24.4856915450001,117.95981875 24.4940838700001,117.95739365 24.502357595,117.945055775 24.5101926200001,117.935213095 24.515156905,117.93269611 24.51899379,117.93388504 24.5220601300001,117.933735635 24.52446337,117.92882674 24.53105621,117.92797268 24.531828385,117.92699938 24.532689685,117.92587537 24.53332012,117.920590665 24.53500831,117.91771778 24.5349076900001,117.915704525 24.5345055650001,117.91417666 24.534200995,117.908143565 24.5387584900001,117.90850418 24.5425363150001,117.90879365 24.5447542850001,117.90770153 24.55363034,117.90515269 24.5574183800001,117.90487152 24.557680555,117.904526965 24.5588437100001,117.906168935 24.561201995,117.91003679 24.569161885,117.909952925 24.571068445,117.9089744 24.5741539950001,117.907365405 24.5762175850001,117.905617635 24.57767181,117.88737367 24.59014067,117.885191175 24.590969075,117.88433853 24.5915397000001,117.88360211 24.5930739450001,117.88374061 24.593719455,117.88502325 24.5939135300001,117.886232455 24.5945445900001,117.887014435 24.595099755,117.890124125 24.600224595,117.89023537 24.60252037,117.889666675 24.6030753200001,117.8893153 24.604394545,117.888559105 24.6111991700001,117.889443395 24.61742136,117.89501148 24.6170806050001,117.902197915 24.6164547000001,117.90975766 24.6163663500001,117.91467256 24.6163097200001,117.91769267 24.618197825,117.921529545 24.622398945,117.923551275 24.6291655100001,117.9246511 24.6313123950001,117.927425495 24.6361759750001,117.929369615 24.6378876900001,117.93140228 24.639095255,117.93402738 24.6401376950001,117.936507235 24.6403372550001,117.93750185 24.640910825,117.940206825 24.645916115,117.94237968 24.6426414900001)))', '3');
INSERT INTO `gis_zzjg` VALUES ('350211', '集美区', '350200', '118.0195185317011', '24.636984008876173', 'MULTIPOLYGON(((117.94613441 24.75077594,117.94991659 24.7482437950001,117.952646475 24.74604773,117.953623395 24.7451128050001,117.95470363 24.7434782400001,117.954917165 24.7424886650001,117.9563609 24.740737585,117.95725131 24.740822435,117.96619514 24.747883755,117.96608005 24.7505602850001,117.969168255 24.7510133050001,117.976728315 24.7493865650001,117.97763953 24.748745415,117.982814125 24.74508746,117.98290226 24.7420135450001,117.9820307 24.7408680500001,117.982137565 24.7399661650001,117.98735536 24.735167625,117.98863452 24.735043895,117.991051505 24.7354632600001,117.99072413 24.737388235,117.9936019 24.73971857,118.00171689 24.7409711,118.00314112 24.741019285,118.0053254 24.740873585,118.00585206 24.7407700200001,118.007200535 24.73815955,118.006695425 24.7373683600001,118.00730797 24.734007745,118.00853274 24.7306426100001,118.009281785 24.7296395500001,118.012297535 24.728517975,118.014528215 24.7279915450001,118.01851759 24.7266888250001,118.0217412 24.725161825,118.02268474 24.7244753100001,118.02601486 24.7186681000001,118.026967555 24.7127204,118.025296265 24.7115438600001,118.023154925 24.707457805,118.022959375 24.70679396,118.02359695 24.7057641100001,118.026835695 24.7028953600001,118.028311335 24.702116615,118.02985782 24.7011983900001,118.03120861 24.70030431,118.033129595 24.6983515100001,118.03312116 24.6971391550001,118.03280428 24.6953323500001,118.03316946 24.6932218150001,118.035042095 24.69168718,118.036763245 24.6906571050001,118.038857095 24.6897987200001,118.03964783 24.689925105,118.040216655 24.689477605,118.04403833 24.683943345,118.044988985 24.6821471050001,118.0487879 24.67511066,118.05429314 24.6683771150001,118.055563925 24.666885875,118.05733917 24.6666704300001,118.06194805 24.6671397100001,118.072973905 24.66667055,118.07408447 24.6663417400001,118.07416676 24.6656913150001,118.077489255 24.662755465,118.07865927 24.662867745,118.0809373 24.6632525050001,118.082462425 24.6639776700001,118.082859365 24.6637214450001,118.083374445 24.6633532000001,118.08722616 24.6595940400001,118.087293435 24.6593718250001,118.08452536 24.65684686,118.08432149 24.65587385,118.08569716 24.65016136,118.08724898 24.6459661650001,118.087680515 24.64518725,118.093010335 24.6420619,118.098418805 24.6384756850001,118.10012115 24.6367153350001,118.10144719 24.635733025,118.102134655 24.6354592050001,118.102547435 24.635324735,118.10266022 24.6353392,118.10403818 24.63580984,118.106121225 24.635548295,118.110907295 24.633146955,118.113951375 24.62934009,118.114064975 24.629285555,118.114351495 24.6291896550001,118.116513535 24.6284659500001,118.117468045 24.6285105650001,118.12029641 24.6285264950001,118.12292822 24.6252984450001,118.123792325 24.622519525,118.12373394 24.62233545,118.1220766 24.619111565,118.12036587 24.614869535,118.11958619 24.611832545,118.11980122 24.6092840050001,118.12045563 24.6044786250001,118.126395725 24.5977729300001,118.12660005 24.5977082100001,118.123247785 24.594223895,118.113208306 24.58513078,118.109818895 24.580449995,118.107641975 24.57454913,118.10308309 24.568253945,118.101432596 24.5666641060001,118.09888536 24.5655351400001,118.08967805 24.564786935,118.08651144 24.565043825,118.086018625 24.5673591950001,118.068296975 24.570165445,118.06321565 24.5623013050001,118.05729629 24.5545080000001,118.051124195 24.556104325,118.03053984 24.551298495,118.03053557 24.55074647,118.03049787 24.5458726100001,118.029892815 24.54573407,118.001955115 24.549516295,117.994165665 24.551158715,117.98339789 24.5539056700001,117.984231595 24.5655250900001,117.975129245 24.5778365300001,117.972983005 24.580343785,117.970128045 24.582961445,117.969430795 24.583336225,117.969073545 24.583506605,117.96787211 24.58369034,117.964126905 24.58409622,117.96186774 24.5832994900001,117.957308005 24.5851570200001,117.953014045 24.59376123,117.94614392 24.6054629600001,117.944614725 24.608822515,117.94340296 24.6127573050001,117.943554985 24.61476507,117.947085725 24.62308353,117.949769 24.6277671,117.951168585 24.6279813,117.95172019 24.6286200600001,117.95326742 24.631713845,117.951015325 24.6360111700001,117.949011975 24.639621935,117.94793102 24.6402799250001,117.94650981 24.64041281,117.942950795 24.64210059,117.94237968 24.6426414900001,117.940206825 24.645916115,117.948813925 24.6495464550001,117.95046398 24.65080729,117.951412585 24.652765345,117.95958434 24.661798795,117.962556525 24.6642773200001,117.96104368 24.6836809700001,117.954686515 24.697681275,117.95165025 24.707563565,117.94689964 24.712775745,117.944001395 24.7147508250001,117.943507155 24.7164060600001,117.94079268 24.72808474,117.93770952 24.734646115,117.93747734 24.735428165,117.93663696 24.7403506700001,117.937516395 24.7456223500001,117.939552975 24.7521151,117.940930095 24.7533926300001,117.942061465 24.7540127300001,117.94613441 24.75077594)))', '3');
INSERT INTO `gis_zzjg` VALUES ('350212', '同安区', '350200', '118.10489264045972', '24.77583382740389', 'MULTIPOLYGON(((118.03312116 24.9027031250001,118.0355068 24.9015583350001,118.037079545 24.9004963450001,118.03944352 24.8954986150001,118.039018815 24.89451504,118.036799895 24.8943460850001,118.03592927 24.8938182950001,118.035769295 24.893412895,118.036120375 24.89180215,118.03821148 24.88608344,118.04338931 24.8813577600001,118.04688968 24.874154665,118.04702375 24.873639005,118.053394375 24.869527905,118.05463595 24.86920128,118.05711309 24.8693331750001,118.05828086 24.8702399050001,118.05956961 24.87342534,118.05896192 24.8747486350001,118.059018605 24.875839435,118.06090182 24.8783697600001,118.062020425 24.87827745,118.068901475 24.8776581500001,118.070126805 24.87743851,118.070220925 24.87542029,118.068854805 24.870256715,118.067930235 24.86530523,118.06693225 24.8578776700001,118.067483955 24.85707834,118.072877645 24.85609978,118.0749453 24.8568345100001,118.076979905 24.8600728550001,118.07887685 24.8644255300001,118.080332175 24.8656074300001,118.092859115 24.8742520700001,118.093266475 24.8744298,118.096894115 24.875045275,118.099079835 24.87489428,118.10270376 24.875023415,118.108655175 24.87663309,118.11050186 24.8783219000001,118.11140576 24.88078826,118.112712555 24.88236841,118.11527393 24.8850623500001,118.120253985 24.8894078750001,118.12284594 24.891074335,118.13270968 24.896569135,118.133826505 24.8968253350001,118.13466714 24.896887775,118.136819345 24.8962962000001,118.1400278 24.8950727600001,118.145370145 24.8942624900001,118.14964851 24.89452865,118.15142589 24.894823665,118.15202774 24.8953275850001,118.154016135 24.898000645,118.15778871 24.900201145,118.16698062 24.9004375800001,118.16886069 24.8997003200001,118.172144555 24.89746096,118.18138218 24.89504507,118.189954885 24.895490835,118.1911489 24.8953145300001,118.1927638 24.8937081300001,118.19792434 24.8873557050001,118.20014201 24.8839474650001,118.19832346 24.8836275100001,118.196189745 24.8839127750001,118.19436554 24.882838775,118.189102495 24.874492445,118.18912853 24.873264905,118.191430885 24.870878035,118.192968565 24.8696402300001,118.19992919 24.866104765,118.219051535 24.854007225,118.221505945 24.8516127450001,118.22117888 24.8510667400001,118.21994424 24.84311165,118.219879505 24.8422632950001,118.22231056 24.8384986200001,118.22442502 24.835666475,118.227130145 24.8334077150001,118.225986705 24.832636585,118.22578152 24.8314708500001,118.22673184 24.8274336150001,118.224525605 24.8229395450001,118.22101487 24.8218400550001,118.221685855 24.81906156,118.226843935 24.8195590450001,118.23164581 24.82006454,118.23499654 24.82078725,118.236230455 24.8215088200001,118.24424541 24.8203245400001,118.244653445 24.8195083900001,118.24594363 24.8165695650001,118.249552155 24.815026005,118.258114485 24.8107807150001,118.25848596 24.808725155,118.25834917 24.7986006300001,118.257967985 24.7926818500001,118.255296475 24.7885852200001,118.253876715 24.7872647900001,118.25241469 24.7864754550001,118.251992515 24.785446435,118.252919435 24.7776526000001,118.25413311 24.7764416950001,118.25590482 24.7756506650001,118.257200885 24.774870955,118.260094875 24.7725168900001,118.26094567 24.7714900350001,118.26108045 24.77101255,118.26111267 24.7696120100001,118.25242541 24.7594151750001,118.250505585 24.7586387800001,118.2497045 24.7584982600001,118.247518575 24.75864727,118.24681255 24.75892642,118.24610922 24.7593246650001,118.246022605 24.759797115,118.245070115 24.76009866,118.237201705 24.75937922,118.23640057 24.758891405,118.23601193 24.758369305,118.232241275 24.7514031600001,118.224599365 24.736734685,118.225116875 24.734545715,118.22905198 24.7320190200001,118.236310045 24.731972265,118.23779773 24.7333084250001,118.241589725 24.73223024,118.24288736 24.7310928700001,118.24697274 24.7251960300001,118.247813065 24.723319915,118.24869933 24.720952525,118.247960525 24.718394185,118.24645617 24.7177099950001,118.245109555 24.71755768,118.24520131 24.7179872450001,118.244318705 24.71909121,118.240230365 24.71930932,118.23941963 24.719185345,118.237590315 24.71765263,118.23679269 24.7169391,118.23638539 24.7159061950001,118.233795175 24.7063953100001,118.2343299 24.70486929,118.235198235 24.7022977550001,118.235015375 24.697287885,118.234358005 24.6956216250001,118.23377085 24.6953804350001,118.23281902 24.695829265,118.233322835 24.6972899200001,118.232660285 24.6983108750001,118.2315416 24.6992272800001,118.229815035 24.7000252500001,118.228984875 24.7002258300001,118.227450755 24.700421525,118.226718535 24.7001448350001,118.22201889 24.696615025,118.218704365 24.6936879400001,118.21445853 24.69065132,118.212125275 24.693959675,118.209957665 24.6946423000001,118.209251925 24.69428515,118.206466395 24.69232233,118.20052984 24.6850879900001,118.19107505 24.6754358050001,118.185092845 24.66806574,118.18491088 24.66138483,118.18241665 24.663359015,118.17941157 24.660656385,118.180982075 24.65803277,118.18215089 24.6542670750001,118.181357325 24.6498390200001,118.178004295 24.642215435,118.16937988 24.6338277900001,118.16514598 24.63729131,118.16571702 24.640133301,118.152594315 24.6439862300001,118.15196833 24.6435917650001,118.150392165 24.64267855,118.150192875 24.641850715,118.15388655 24.6402291700001,118.15439269 24.6393960950001,118.1488137 24.6334480150001,118.147239465 24.631082285,118.144150495 24.625152445,118.14319413 24.6198702950001,118.140223635 24.613626175,118.134834915 24.606266265,118.12660005 24.5977082100001,118.126395725 24.5977729300001,118.12045563 24.6044786250001,118.11980122 24.6092840050001,118.11958619 24.611832545,118.12036587 24.614869535,118.1220766 24.619111565,118.12373394 24.62233545,118.123792325 24.622519525,118.12292822 24.6252984450001,118.12029641 24.6285264950001,118.117468045 24.6285105650001,118.116513535 24.6284659500001,118.114351495 24.6291896550001,118.114064975 24.629285555,118.113951375 24.62934009,118.110907295 24.633146955,118.106121225 24.635548295,118.10403818 24.63580984,118.10266022 24.6353392,118.102547435 24.635324735,118.102134655 24.6354592050001,118.10144719 24.635733025,118.10012115 24.6367153350001,118.098418805 24.6384756850001,118.093010335 24.6420619,118.087680515 24.64518725,118.08724898 24.6459661650001,118.08569716 24.65016136,118.08432149 24.65587385,118.08452536 24.65684686,118.087293435 24.6593718250001,118.08722616 24.6595940400001,118.083374445 24.6633532000001,118.082859365 24.6637214450001,118.082462425 24.6639776700001,118.0809373 24.6632525050001,118.07865927 24.662867745,118.077489255 24.662755465,118.07416676 24.6656913150001,118.07408447 24.6663417400001,118.072973905 24.66667055,118.06194805 24.6671397100001,118.05733917 24.6666704300001,118.055563925 24.666885875,118.05429314 24.6683771150001,118.0487879 24.67511066,118.044988985 24.6821471050001,118.04403833 24.683943345,118.040216655 24.689477605,118.03964783 24.689925105,118.038857095 24.6897987200001,118.036763245 24.6906571050001,118.035042095 24.69168718,118.03316946 24.6932218150001,118.03280428 24.6953323500001,118.03312116 24.6971391550001,118.033129595 24.6983515100001,118.03120861 24.70030431,118.02985782 24.7011983900001,118.028311335 24.702116615,118.026835695 24.7028953600001,118.02359695 24.7057641100001,118.022959375 24.70679396,118.023154925 24.707457805,118.025296265 24.7115438600001,118.026967555 24.7127204,118.02601486 24.7186681000001,118.02268474 24.7244753100001,118.0217412 24.725161825,118.01851759 24.7266888250001,118.014528215 24.7279915450001,118.012297535 24.728517975,118.009281785 24.7296395500001,118.00853274 24.7306426100001,118.00730797 24.734007745,118.006695425 24.7373683600001,118.007200535 24.73815955,118.00585206 24.7407700200001,118.0053254 24.740873585,118.00314112 24.741019285,118.00171689 24.7409711,117.9936019 24.73971857,117.99072413 24.737388235,117.991051505 24.7354632600001,117.98863452 24.735043895,117.98735536 24.735167625,117.982137565 24.7399661650001,117.9820307 24.7408680500001,117.98290226 24.7420135450001,117.982814125 24.74508746,117.97763953 24.748745415,117.976728315 24.7493865650001,117.969168255 24.7510133050001,117.96608005 24.7505602850001,117.96619514 24.747883755,117.95725131 24.740822435,117.9563609 24.740737585,117.954917165 24.7424886650001,117.95470363 24.7434782400001,117.953623395 24.7451128050001,117.952646475 24.74604773,117.94991659 24.7482437950001,117.94613441 24.75077594,117.942061465 24.7540127300001,117.94335193 24.7625700950001,117.948549 24.766919935,117.950013505 24.7683368300001,117.95077386 24.769586325,117.95630864 24.78107097,117.95666411 24.78279931,117.959311475 24.7981353000001,117.958186515 24.7997893250001,117.956944565 24.8005907100001,117.95668843 24.8010694000001,117.95578827 24.80593616,117.95553815 24.808722055,117.95541168 24.813456805,117.95689028 24.816743295,117.958404395 24.822431985,117.9556253 24.8269722900001,117.956259175 24.833329835,117.95778099 24.8384925450001,117.959072555 24.841845015,117.95974682 24.8437394900001,117.95959745 24.8451594700001,117.958608315 24.8469775350001,117.954562765 24.8485663750001,117.951760455 24.8486977650001,117.94392232 24.846981515,117.94268113 24.84538488,117.941205545 24.8435970200001,117.936621065 24.8456911700001,117.932540675 24.853785085,117.93001187 24.8594186300001,117.924434755 24.8643274200001,117.92100546 24.8661367550001,117.920121995 24.8658332150001,117.91896008 24.86590783,117.91481496 24.86848185,117.91359424 24.869245925,117.909143065 24.8721301800001,117.911488405 24.877004265,117.91627285 24.88531203,117.92903313 24.87623165,117.93044542 24.8730405800001,117.93204731 24.8694360800001,117.933720465 24.86951191,117.93623822 24.8701650400001,117.94391294 24.8737840900001,117.950921725 24.8742734100001,117.95358141 24.87309687,117.95816185 24.869562095,117.95871858 24.86909888,117.959116865 24.868474275,117.95981108 24.8658581400001,117.959954135 24.8636223600001,117.95999464 24.861692555,117.962444715 24.85744085,117.970906175 24.851678275,117.98176302 24.8568821600001,117.991827575 24.8608776350001,117.994019445 24.8651550600001,117.991314595 24.86715916,117.98887497 24.86986484,117.98835399 24.8712694000001,117.9881419 24.8747982250001,117.9889715 24.8761305850001,117.990401795 24.877564675,117.993785505 24.880953145,117.998082435 24.881945075,117.999690215 24.88194364,118.00081336 24.88085096,118.0022613 24.8796028200001,118.00629026 24.8775496800001,118.00748738 24.87721903,118.01118431 24.8772652600001,118.01173688 24.877587125,118.012434775 24.878637645,118.012405785 24.879338095,118.0116665 24.883084485,118.010832505 24.8841742750001,118.003213555 24.892767705,118.000967715 24.8940371100001,117.996843685 24.894306525,117.992946415 24.8946205350001,117.99044737 24.8952506200001,117.987294265 24.89699563,117.9864543 24.898186825,117.98637872 24.8993982550001,117.98667933 24.89997585,117.99056704 24.9035105300001,117.9939447 24.90325353,117.99762692 24.9024362650001,117.99940952 24.9015230250001,118.00053424 24.8979658600001,118.005449375 24.8954502550001,118.01047373 24.8952054550001,118.012826185 24.8952938250001,118.014126415 24.8961985,118.01416503 24.8973038950001,118.01196271 24.8984642500001,118.011650765 24.9013885800001,118.01216627 24.904703135,118.01309692 24.90630678,118.013850685 24.90692325,118.03312116 24.9027031250001)))', '3');
INSERT INTO `gis_zzjg` VALUES ('350213', '翔安区', '350200', '118.27120024921295 ', '24.668628934619804', 'MULTIPOLYGON(((118.325406266 24.5692305200001,118.325754726 24.568862305,118.327923791 24.56936718,118.330544575 24.5699771450001,118.34332215 24.568512265,118.349270335 24.564514226,118.349441496 24.5638779650001,118.350266245 24.5608120750001,118.348636825 24.55709589,118.34386885 24.546220245,118.3383007 24.5424304650001,118.328827835 24.5430730150001,118.328694905 24.5430820300001,118.322184745 24.5443477900001,118.319726445 24.54612066,118.319484915 24.5467134400001,118.318899355 24.5481505500001,118.319233055 24.548897245,118.31866456 24.5495759200001,118.316475005 24.55218975,118.31294081 24.5542072800001,118.3095956 24.556116785,118.309489745 24.556177205,118.307365655 24.55696934,118.30692509 24.5571336400001,118.306652986 24.5572351060001,118.305622685 24.5576193150001,118.305153931 24.55779412,118.30293717 24.55445338,118.296700565 24.5574135050001,118.29182001 24.5616986200001,118.293064645 24.56742268,118.30408262 24.5735727050001,118.306708915 24.5750384400001,118.309745036 24.5755456100001,118.316686126 24.57610426,118.3171555 24.5761420200001,118.319476985 24.575363705,118.324640315 24.57003989,118.325406266 24.5692305200001)),((118.30034938 24.8277128600001,118.30040228 24.826990075,118.299380575 24.82296217,118.301633945 24.8178206600001,118.305792015 24.81419585,118.31228675 24.8090971300001,118.320493775 24.80093121,118.324884785 24.7930799850001,118.322692565 24.7883150550001,118.32052286 24.78754345,118.31856818 24.7863073450001,118.321145535 24.783357155,118.33100438 24.7773528050001,118.332815605 24.7784266400001,118.332437905 24.7792698050001,118.332968025 24.781631095,118.334175465 24.783534995,118.33946745 24.7829260950001,118.339970685 24.78254027,118.34320862 24.7730295850001,118.343159085 24.7726800950001,118.341048435 24.77111717,118.34008095 24.771564605,118.33756805 24.7736987650001,118.33635505 24.7749856350001,118.33519164 24.7760861450001,118.332524475 24.772072725,118.33219102 24.77069397,118.331015875 24.75577015,118.32569514 24.75634361,118.325233545 24.7563981500001,118.315792735 24.7542868250001,118.3146143 24.7538206250001,118.31310866 24.7527317650001,118.311759925 24.7495374750001,118.31323244 24.7473079700001,118.32072453 24.73629684,118.328281385 24.7344709450001,118.329644775 24.732982715,118.33066259 24.7318315850001,118.33242907 24.729524865,118.33597011 24.72483679,118.333528095 24.7210899400001,118.320587285 24.702474685,118.31962293 24.701600215,118.31848401 24.7010229850001,118.31711646 24.70027386,118.316779365 24.697639855,118.318084435 24.69558548,118.31921367 24.693952605,118.32044662 24.6921992750001,118.32907942 24.6879034,118.3331954 24.686420755,118.3369045 24.6841783300001,118.33737505 24.6836760200001,118.336874585 24.6818217750001,118.336105085 24.6807448000001,118.33452803 24.6796815750001,118.33421345 24.678187505,118.33423474 24.676850825,118.33555676 24.67468337,118.33605759 24.6740153000001,118.343652835 24.6697456700001,118.3468522 24.66898847,118.349629095 24.666288305,118.349658555 24.66605402,118.34727453 24.6553399700001,118.34360257 24.6488836350001,118.339403775 24.6457843100001,118.34011576 24.643145765,118.34149597 24.6399708700001,118.342576405 24.6374871350001,118.344302635 24.6338035000001,118.34380211 24.6300733850001,118.341996005 24.6215035000001,118.3407216 24.6204231350001,118.332145935 24.618968755,118.326123235 24.608222535,118.3247866 24.60452616,118.325588945 24.6020330050001,118.328755595 24.60002236,118.33068653 24.6005555250001,118.3314633 24.600817405,118.333279395 24.60218568,118.33595586 24.60424987,118.337864755 24.5969306750001,118.33845486 24.5946323650001,118.34126985 24.591924185,118.345796855 24.5885790150001,118.347196785 24.5879379,118.348664195 24.588496455,118.35023086 24.5863618000001,118.35110316 24.5819250750001,118.351345475 24.581073915,118.339626035 24.5790196500001,118.331145675 24.5780994350001,118.32353715 24.579293465,118.32294517 24.5818356350001,118.316877706 24.5811441000001,118.307160615 24.5794596000001,118.302340055 24.5817113250001,118.294439125 24.583603055,118.29003867 24.585752895,118.28820404 24.5793203150001,118.293491045 24.577939755,118.29337752 24.576531936,118.292128445 24.5741582800001,118.287393165 24.5687218900001,118.270969425 24.559684385,118.266712525 24.5581869700001,118.25657111 24.5536186150001,118.251428 24.5474886050001,118.252890905 24.5454826160001,118.25411001 24.542474155,118.24789271 24.5367808400001,118.24425473 24.5355047050001,118.242090575 24.5355834550001,118.22872746 24.538745555,118.223012716 24.5446786700001,118.21248126 24.55085057,118.20045524 24.5612322150001,118.19110188 24.56800903,118.190555165 24.5767911450001,118.191901055 24.577124,118.19292385 24.5787507250001,118.192496205 24.5926523800001,118.191218805 24.5943057750001,118.189424515 24.59764284,118.189071665 24.5999483900001,118.189801265 24.6028868400001,118.1905634 24.603070646,118.1923691 24.6049622900001,118.192067925 24.6217076200001,118.19151948 24.6221814300001,118.18885813 24.622716575,118.182093906 24.6228133450001,118.17981251 24.624862615,118.179940305 24.628898405,118.18179283 24.6305008300001,118.188988955 24.6351689910001,118.19506645 24.6395293310001,118.201260575 24.6466699650001,118.203281416 24.6512690000001,118.19817636 24.6514801000001,118.190826915 24.65554632,118.18719713 24.6581569250001,118.185388885 24.66100648,118.18491088 24.66138483,118.185092845 24.66806574,118.19107505 24.6754358050001,118.20052984 24.6850879900001,118.206466395 24.69232233,118.209251925 24.69428515,118.209957665 24.6946423000001,118.212125275 24.693959675,118.21445853 24.69065132,118.218704365 24.6936879400001,118.22201889 24.696615025,118.226718535 24.7001448350001,118.227450755 24.700421525,118.228984875 24.7002258300001,118.229815035 24.7000252500001,118.2315416 24.6992272800001,118.232660285 24.6983108750001,118.233322835 24.6972899200001,118.23281902 24.695829265,118.23377085 24.6953804350001,118.234358005 24.6956216250001,118.235015375 24.697287885,118.235198235 24.7022977550001,118.2343299 24.70486929,118.233795175 24.7063953100001,118.23638539 24.7159061950001,118.23679269 24.7169391,118.237590315 24.71765263,118.23941963 24.719185345,118.240230365 24.71930932,118.244318705 24.71909121,118.24520131 24.7179872450001,118.245109555 24.71755768,118.24645617 24.7177099950001,118.247960525 24.718394185,118.24869933 24.720952525,118.247813065 24.723319915,118.24697274 24.7251960300001,118.24288736 24.7310928700001,118.241589725 24.73223024,118.23779773 24.7333084250001,118.236310045 24.731972265,118.22905198 24.7320190200001,118.225116875 24.734545715,118.224599365 24.736734685,118.232241275 24.7514031600001,118.23601193 24.758369305,118.23640057 24.758891405,118.237201705 24.75937922,118.245070115 24.76009866,118.246022605 24.759797115,118.24610922 24.7593246650001,118.24681255 24.75892642,118.247518575 24.75864727,118.2497045 24.7584982600001,118.250505585 24.7586387800001,118.25242541 24.7594151750001,118.26111267 24.7696120100001,118.26108045 24.77101255,118.26094567 24.7714900350001,118.260094875 24.7725168900001,118.257200885 24.774870955,118.25590482 24.7756506650001,118.25413311 24.7764416950001,118.252919435 24.7776526000001,118.251992515 24.785446435,118.25241469 24.7864754550001,118.253876715 24.7872647900001,118.255296475 24.7885852200001,118.257967985 24.7926818500001,118.25834917 24.7986006300001,118.25848596 24.808725155,118.258114485 24.8107807150001,118.249552155 24.815026005,118.24594363 24.8165695650001,118.244653445 24.8195083900001,118.24424541 24.8203245400001,118.236230455 24.8215088200001,118.23499654 24.82078725,118.23164581 24.82006454,118.226843935 24.8195590450001,118.221685855 24.81906156,118.22101487 24.8218400550001,118.224525605 24.8229395450001,118.22673184 24.8274336150001,118.22578152 24.8314708500001,118.225986705 24.832636585,118.227130145 24.8334077150001,118.2278002 24.8325354400001,118.22890831 24.8301064300001,118.22876392 24.829026185,118.22819003 24.8279290450001,118.22845196 24.827233865,118.23199942 24.8260631700001,118.23365241 24.82554865,118.236298895 24.8252227300001,118.23969249 24.82690897,118.24085571 24.8279042300001,118.241189485 24.82856302,118.24160823 24.82960717,118.24181535 24.832572,118.24274184 24.8333140550001,118.24631038 24.8353960600001,118.24704865 24.8352771950001,118.249762345 24.8332865450001,118.250841315 24.8302367700001,118.259493465 24.8271364350001,118.261672185 24.8270756900001,118.263226665 24.827742465,118.264058215 24.829101485,118.26619278 24.8318043300001,118.27008629 24.8347658600001,118.279939805 24.8360229,118.29282819 24.831622225,118.29602573 24.8299788950001,118.29848529 24.82871197,118.30034938 24.8277128600001)))', '3');
INSERT INTO `gis_zzjg` VALUES ('350000', '福建省', '100000', '118.30627441406249', '25.8673095703125', NULL, '1');
INSERT INTO `gis_zzjg` VALUES ('100000', '全国', NULL, '111.26953125', '32.34375', NULL, '0');
INSERT INTO `gis_zzjg` VALUES ('350600', '漳州市', '350000', '117.73223876953126', '24.5654296875', NULL, '2');


-- ----------------------------
-- Table structure for gather_select_dic
-- ----------------------------
DROP TABLE IF EXISTS `gather_select_dic`;
CREATE TABLE `gather_select_dic`  (
                                      `dicid` int(50) NOT NULL AUTO_INCREMENT,
                                      `dicname` varchar(50) CHARACTER SET utf8 COLLATE utf8_general_ci NOT NULL,
                                      `dicms` varchar(50) CHARACTER SET utf8 COLLATE utf8_general_ci NOT NULL,
                                      `diclength` varchar(50) CHARACTER SET utf8 COLLATE utf8_general_ci NOT NULL,
                                      PRIMARY KEY (`dicid`) USING BTREE
) ENGINE = InnoDB AUTO_INCREMENT = 20 CHARACTER SET = utf8 COLLATE = utf8_general_ci ROW_FORMAT = Dynamic;

-- ----------------------------
-- Records of gather_select_dic
-- ----------------------------
INSERT INTO `gather_select_dic` VALUES (20, 'COLOR', '颜色', '30');
INSERT INTO `gather_select_dic` VALUES (21, 'SEX', '性别', '30');

-- ----------------------------
-- Table structure for gather_select_dic_data
-- ----------------------------
DROP TABLE IF EXISTS `gather_select_dic_data`;
CREATE TABLE `gather_select_dic_data`  (
                                           `dicid` int(50) NULL DEFAULT NULL,
                                           `dicdataid` int(50) NOT NULL AUTO_INCREMENT,
                                           `dicdataname` varchar(50) CHARACTER SET utf8 COLLATE utf8_general_ci NULL DEFAULT NULL,
                                           PRIMARY KEY (`dicdataid`) USING BTREE
) ENGINE = InnoDB AUTO_INCREMENT = 20 CHARACTER SET = utf8 COLLATE = utf8_general_ci ROW_FORMAT = Dynamic;


-- ----------------------------
-- Records of gather_select_dic_data
-- ----------------------------
INSERT INTO `gather_select_dic_data` VALUES (20, 20, '蓝色');
INSERT INTO `gather_select_dic_data` VALUES (20, 21, '黑色');
INSERT INTO `gather_select_dic_data` VALUES (21, 22, '男');
INSERT INTO `gather_select_dic_data` VALUES (21, 23, '女');
INSERT INTO `gather_select_dic_data` VALUES (21, 24, '未知');



-- ----------------------------
-- Table structure for gather_task
-- ----------------------------
DROP TABLE IF EXISTS `gather_task`;
CREATE TABLE `gather_task`  (
                                `id` int(50) NOT NULL AUTO_INCREMENT,
                                `name` varchar(50) CHARACTER SET utf8 COLLATE utf8_general_ci NULL DEFAULT NULL,
                                `description` varchar(500) CHARACTER SET utf8 COLLATE utf8_general_ci NULL DEFAULT NULL,
                                `table_name` varchar(50) CHARACTER SET utf8 COLLATE utf8_general_ci NULL DEFAULT NULL,
                                `type` varchar(50) CHARACTER SET utf8 COLLATE utf8_general_ci NULL DEFAULT NULL,
                                `cjsj` date NULL DEFAULT NULL,
                                `layerimg` longtext CHARACTER SET utf8 COLLATE utf8_general_ci NULL,
                                `FLAG` varchar(20) CHARACTER SET utf8 COLLATE utf8_general_ci NULL DEFAULT NULL COMMENT '0表示未授权，1表示授权',
                                `userid` varchar(30) CHARACTER SET utf8 COLLATE utf8_general_ci NULL DEFAULT NULL,
                                `color` varchar(30) CHARACTER SET utf8 COLLATE utf8_general_ci NULL DEFAULT NULL,
                                PRIMARY KEY (`id`) USING BTREE
) ENGINE = InnoDB AUTO_INCREMENT = 140 CHARACTER SET = utf8 COLLATE = utf8_general_ci ROW_FORMAT = Dynamic;

-- ----------------------------
-- Records of gather_task
-- ----------------------------
INSERT INTO `gather_task` VALUES (140, '网吧', '网吧采集', 'PT_WANGBA', 'point', '2022-09-01', 'data:image/png;base64,iVBORw0KGgoAAAANSUhEUgAAACoAAAAqCAYAAADFw8lbAAAAGXRFWHRTb2Z0d2FyZQBBZG9iZSBJbWFnZVJlYWR5ccllPAAAAyNpVFh0WE1MOmNvbS5hZG9iZS54bXAAAAAAADw/eHBhY2tldCBiZWdpbj0i77u/IiBpZD0iVzVNME1wQ2VoaUh6cmVTek5UY3prYzlkIj8+IDx4OnhtcG1ldGEgeG1sbnM6eD0iYWRvYmU6bnM6bWV0YS8iIHg6eG1wdGs9IkFkb2JlIFhNUCBDb3JlIDUuNS1jMDE0IDc5LjE1MTQ4MSwgMjAxMy8wMy8xMy0xMjowOToxNSAgICAgICAgIj4gPHJkZjpSREYgeG1sbnM6cmRmPSJodHRwOi8vd3d3LnczLm9yZy8xOTk5LzAyLzIyLXJkZi1zeW50YXgtbnMjIj4gPHJkZjpEZXNjcmlwdGlvbiByZGY6YWJvdXQ9IiIgeG1sbnM6eG1wPSJodHRwOi8vbnMuYWRvYmUuY29tL3hhcC8xLjAvIiB4bWxuczp4bXBNTT0iaHR0cDovL25zLmFkb2JlLmNvbS94YXAvMS4wL21tLyIgeG1sbnM6c3RSZWY9Imh0dHA6Ly9ucy5hZG9iZS5jb20veGFwLzEuMC9zVHlwZS9SZXNvdXJjZVJlZiMiIHhtcDpDcmVhdG9yVG9vbD0iQWRvYmUgUGhvdG9zaG9wIENDIChNYWNpbnRvc2gpIiB4bXBNTTpJbnN0YW5jZUlEPSJ4bXAuaWlkOjcyMUJFMTU5QjJGNTExRTZBMjMzRDNFMkUzNUJDNDBBIiB4bXBNTTpEb2N1bWVudElEPSJ4bXAuZGlkOjcyMUJFMTVBQjJGNTExRTZBMjMzRDNFMkUzNUJDNDBBIj4gPHhtcE1NOkRlcml2ZWRGcm9tIHN0UmVmOmluc3RhbmNlSUQ9InhtcC5paWQ6NzIxQkUxNTdCMkY1MTFFNkEyMzNEM0UyRTM1QkM0MEEiIHN0UmVmOmRvY3VtZW50SUQ9InhtcC5kaWQ6NzIxQkUxNThCMkY1MTFFNkEyMzNEM0UyRTM1QkM0MEEiLz4gPC9yZGY6RGVzY3JpcHRpb24+IDwvcmRmOlJERj4gPC94OnhtcG1ldGE+IDw/eHBhY2tldCBlbmQ9InIiPz6yYYBFAAAEnElEQVR42tRZXWwUVRT+ZrrLbnel/G7FtoRQSISk/CUYMUQiRDEoaqLBYAwv8sSjQRMfTFh9whcfiD5o9EVjTP2LD9SfB4RgYjSWnyqmRZoA2e2GttAtXfrn/oznmzu722V3ys7s7KacZNLZe8937nfPuefec6eaYRiwk+gjCdxDDDgTbb7O6J9ttn0+uBOjRpzmFKg3kGRNNnxeDOCP+BBZ70NrRxMWt+jIZAxMjBtIjmQxOphBejRjZ0urB9EyksEOP7buDiAU1rDr8OKKoLOfpjA1aeDi6VnMxNOuyfrcktzwbAhtq5tsCeYl3x8Kp5CI+THQM+WKrO6G5NYD4apI3k2YGGLdrFnHybRubwjLV+iOSM4lSyxteJ31JTMNtPuwplM8eVDW2rGNQG939SNRVzDE0gbXtxOvOvLotj1B5ckzHwI3BoBlHUBmFjj3tQyTqzDNnOqjDnWJESxtMAnrso9yC2J2m3LhO6Bji6yDncBPx4GPXwb+/kH1Zf4DslZ2s4191KEuMcSayaWZNj0nulL2ycK6TPwDdO5Q7+e/BdZsBzbvB66fA46uBN5cBYwMqjb2UYfS+ZjCWuuVe6/nRB+Uzbwg9Jg/qN6nxlVYzQlcAmZSwOSYhLlftbFv+rYVlkDR2yKtc216RZQnTvFHBBiLqff2TcCVXxXBbS/Kjih6AdmCup5Rbexr61K6xBBbyaZXRHksFvcoWW+XfwHSM8BTR4WcrN3rvcC/Z1QCzU4CV/9Qbezb+4bSJYZYF1I1UZ7dBdn5mgo5s3/DHuC9IeDh3ZI8Pcpji0LqnW35PuoSQ6wlqYmc90THpMAoyCZJkgPvAzsOWQfxIivLe5TnQkvV+9w+6hKz+bmCmZF41nuiN6UKYoGhqkkJ55Ovi/daiwqxi0AyDoRXAJF1QLxP/S4syFaFmVOssLLynChLNVZBtpIP+6OvSnY3S0I9IG0nbdVpy6b8q/1kYqlW8GoloqlRyfKzkvH7gCWriuGvUPrRlpfJVFJ+sZ5MxLLlZO/cVFn+iiTM8+9KdjP7xfv9pyQU02UkaaNCbap5Wj2xnhxPGqVkL1nHZ1L2yS+OSJY/IaQ/UCQvny4hSWyFmtST0JfN9Hz3nVLPMsTcP3mms/D4SpLmxD7V99fJEk8S6/R26qTC1+4uw+iVa1KqMSlC4U+w66Nu+6vIiQm7q0jVN1Ind6Yyshz498/TZhU00Jc2z+4ly1SQbidz5j45z+WurrdQ260rwcc5VKvL9uTmw4FXtvR6D+CVDb1RA9WK1Rs8oOsJ6g0MYU1LRsd9InqDEkNbCETvRURbKB69b0I/n+e0hUi0rlLTWf9Obzsnyu+IwadXR9c3B5bv37L0JbOuG84Nvn1l+MfHTw0dv8b6xXomj20fyjXUo0KyRf6slechfg/5ORa9lZy6WqiI+298/5uQHJbXZvZbemstXENDzyto2TeZrM9I5ZqMGRsM9SOuEmC+/zNVBGiF/GixyJZMtuuFt9qa/EG975tovAKcF/nRQ18aE/mGzw7Wn2g+IuYatULss7yWL7JJjFXzdH6NCsmSNVot0f8FGACuPMO8WXaGCAAAAABJRU5ErkJggg==', '1', 'cbc', '');
INSERT INTO `gather_task` VALUES (141, '旅馆', '旅馆采集', 'PT_HOTEL', 'point', '2022-09-02', 'data:image/png;base64,iVBORw0KGgoAAAANSUhEUgAAACoAAAAqCAYAAADFw8lbAAAKQ2lDQ1BJQ0MgcHJvZmlsZQAAeNqdU3dYk/cWPt/3ZQ9WQtjwsZdsgQAiI6wIyBBZohCSAGGEEBJAxYWIClYUFRGcSFXEgtUKSJ2I4qAouGdBiohai1VcOO4f3Ke1fXrv7e371/u855zn/M55zw+AERImkeaiagA5UoU8Otgfj09IxMm9gAIVSOAEIBDmy8JnBcUAAPADeXh+dLA//AGvbwACAHDVLiQSx+H/g7pQJlcAIJEA4CIS5wsBkFIAyC5UyBQAyBgAsFOzZAoAlAAAbHl8QiIAqg0A7PRJPgUA2KmT3BcA2KIcqQgAjQEAmShHJAJAuwBgVYFSLALAwgCgrEAiLgTArgGAWbYyRwKAvQUAdo5YkA9AYACAmUIszAAgOAIAQx4TzQMgTAOgMNK/4KlfcIW4SAEAwMuVzZdL0jMUuJXQGnfy8ODiIeLCbLFCYRcpEGYJ5CKcl5sjE0jnA0zODAAAGvnRwf44P5Dn5uTh5mbnbO/0xaL+a/BvIj4h8d/+vIwCBAAQTs/v2l/l5dYDcMcBsHW/a6lbANpWAGjf+V0z2wmgWgrQevmLeTj8QB6eoVDIPB0cCgsL7SViob0w44s+/zPhb+CLfvb8QB7+23rwAHGaQJmtwKOD/XFhbnauUo7nywRCMW735yP+x4V//Y4p0eI0sVwsFYrxWIm4UCJNx3m5UpFEIcmV4hLpfzLxH5b9CZN3DQCshk/ATrYHtctswH7uAQKLDljSdgBAfvMtjBoLkQAQZzQyefcAAJO/+Y9AKwEAzZek4wAAvOgYXKiUF0zGCAAARKCBKrBBBwzBFKzADpzBHbzAFwJhBkRADCTAPBBCBuSAHAqhGJZBGVTAOtgEtbADGqARmuEQtMExOA3n4BJcgetwFwZgGJ7CGLyGCQRByAgTYSE6iBFijtgizggXmY4EImFINJKApCDpiBRRIsXIcqQCqUJqkV1II/ItchQ5jVxA+pDbyCAyivyKvEcxlIGyUQPUAnVAuagfGorGoHPRdDQPXYCWomvRGrQePYC2oqfRS+h1dAB9io5jgNExDmaM2WFcjIdFYIlYGibHFmPlWDVWjzVjHVg3dhUbwJ5h7wgkAouAE+wIXoQQwmyCkJBHWExYQ6gl7CO0EroIVwmDhDHCJyKTqE+0JXoS+cR4YjqxkFhGrCbuIR4hniVeJw4TX5NIJA7JkuROCiElkDJJC0lrSNtILaRTpD7SEGmcTCbrkG3J3uQIsoCsIJeRt5APkE+S+8nD5LcUOsWI4kwJoiRSpJQSSjVlP+UEpZ8yQpmgqlHNqZ7UCKqIOp9aSW2gdlAvU4epEzR1miXNmxZDy6Qto9XQmmlnafdoL+l0ugndgx5Fl9CX0mvoB+nn6YP0dwwNhg2Dx0hiKBlrGXsZpxi3GS+ZTKYF05eZyFQw1zIbmWeYD5hvVVgq9ip8FZHKEpU6lVaVfpXnqlRVc1U/1XmqC1SrVQ+rXlZ9pkZVs1DjqQnUFqvVqR1Vu6k2rs5Sd1KPUM9RX6O+X/2C+mMNsoaFRqCGSKNUY7fGGY0hFsYyZfFYQtZyVgPrLGuYTWJbsvnsTHYF+xt2L3tMU0NzqmasZpFmneZxzQEOxrHg8DnZnErOIc4NznstAy0/LbHWaq1mrX6tN9p62r7aYu1y7Rbt69rvdXCdQJ0snfU6bTr3dQm6NrpRuoW623XP6j7TY+t56Qn1yvUO6d3RR/Vt9KP1F+rv1u/RHzcwNAg2kBlsMThj8MyQY+hrmGm40fCE4agRy2i6kcRoo9FJoye4Ju6HZ+M1eBc+ZqxvHGKsNN5l3Gs8YWJpMtukxKTF5L4pzZRrmma60bTTdMzMyCzcrNisyeyOOdWca55hvtm82/yNhaVFnMVKizaLx5balnzLBZZNlvesmFY+VnlW9VbXrEnWXOss623WV2xQG1ebDJs6m8u2qK2brcR2m23fFOIUjynSKfVTbtox7PzsCuya7AbtOfZh9iX2bfbPHcwcEh3WO3Q7fHJ0dcx2bHC866ThNMOpxKnD6VdnG2ehc53zNRemS5DLEpd2lxdTbaeKp26fesuV5RruutK10/Wjm7ub3K3ZbdTdzD3Ffav7TS6bG8ldwz3vQfTw91jicczjnaebp8LzkOcvXnZeWV77vR5Ps5wmntYwbcjbxFvgvct7YDo+PWX6zukDPsY+Ap96n4e+pr4i3z2+I37Wfpl+B/ye+zv6y/2P+L/hefIW8U4FYAHBAeUBvYEagbMDawMfBJkEpQc1BY0FuwYvDD4VQgwJDVkfcpNvwBfyG/ljM9xnLJrRFcoInRVaG/owzCZMHtYRjobPCN8Qfm+m+UzpzLYIiOBHbIi4H2kZmRf5fRQpKjKqLupRtFN0cXT3LNas5Fn7Z72O8Y+pjLk722q2cnZnrGpsUmxj7Ju4gLiquIF4h/hF8ZcSdBMkCe2J5MTYxD2J43MC52yaM5zkmlSWdGOu5dyiuRfm6c7Lnnc8WTVZkHw4hZgSl7I/5YMgQlAvGE/lp25NHRPyhJuFT0W+oo2iUbG3uEo8kuadVpX2ON07fUP6aIZPRnXGMwlPUit5kRmSuSPzTVZE1t6sz9lx2S05lJyUnKNSDWmWtCvXMLcot09mKyuTDeR55m3KG5OHyvfkI/lz89sVbIVM0aO0Uq5QDhZML6greFsYW3i4SL1IWtQz32b+6vkjC4IWfL2QsFC4sLPYuHhZ8eAiv0W7FiOLUxd3LjFdUrpkeGnw0n3LaMuylv1Q4lhSVfJqedzyjlKD0qWlQyuCVzSVqZTJy26u9Fq5YxVhlWRV72qX1VtWfyoXlV+scKyorviwRrjm4ldOX9V89Xlt2treSrfK7etI66Trbqz3Wb+vSr1qQdXQhvANrRvxjeUbX21K3nShemr1js20zcrNAzVhNe1bzLas2/KhNqP2ep1/XctW/a2rt77ZJtrWv913e/MOgx0VO97vlOy8tSt4V2u9RX31btLugt2PGmIbur/mft24R3dPxZ6Pe6V7B/ZF7+tqdG9s3K+/v7IJbVI2jR5IOnDlm4Bv2pvtmne1cFoqDsJB5cEn36Z8e+NQ6KHOw9zDzd+Zf7f1COtIeSvSOr91rC2jbaA9ob3v6IyjnR1eHUe+t/9+7zHjY3XHNY9XnqCdKD3x+eSCk+OnZKeenU4/PdSZ3Hn3TPyZa11RXb1nQ8+ePxd07ky3X/fJ897nj13wvHD0Ivdi2yW3S609rj1HfnD94UivW2/rZffL7Vc8rnT0Tes70e/Tf/pqwNVz1/jXLl2feb3vxuwbt24m3Ry4Jbr1+Hb27Rd3Cu5M3F16j3iv/L7a/eoH+g/qf7T+sWXAbeD4YMBgz8NZD+8OCYee/pT/04fh0kfMR9UjRiONj50fHxsNGr3yZM6T4aeypxPPyn5W/3nrc6vn3/3i+0vPWPzY8Av5i8+/rnmp83Lvq6mvOscjxx+8znk98ab8rc7bfe+477rfx70fmSj8QP5Q89H6Y8en0E/3Pud8/vwv94Tz+4A5JREAAAAZdEVYdFNvZnR3YXJlAEFkb2JlIEltYWdlUmVhZHlxyWU8AAAFbElEQVR42sxYa2xURRT+dretfdDHVmip0iKgIBWomKglGk1EUlMQE/7g+4f+sb5DIib+0ESJMf4gIUYwRhIjCfLLVKIIWpD4KiYiiKT4QrGtLm0pu1u6bWn34Xd25m7vXXa3u/duiyc5d2buzD3zzZlzzpy5rlgsBrv06B64WdxBXkdeRV5E9upuP/k0uZP8CfkrcjRZxgf3ZzeXyw5QAixg8Rj5RfLCLD/7k/wmeSfBhXOdM2egBLmMxS7yjTY34ifywwR7ctqAEuR9LHaTS413ZUVA83ygqQ6orwIqi4EwN9g/AvQNE5UPOPI3EBq3iGIvHiTYj/MOlCDXs/iI7JF2IZ/3LAHWXk/URZm/HSHIfb8A+38FxiOJ11LbQLB78waUIJtYfGdocnYZsIkuNK8ytz3vDQJb6VLnQhbN3kawxx0DJchCFkfJy6VdTagv361KO3Se0F7tUKUmsdWbCHYi03cFWch+wgAp2/3s7UkgfV3A27SK0CDgpjjzwmPc3fIa4GlGp5rrYCxUZLx+MGEGy/Qcb2UC4Z5Cm2KPm412y2LGouqkQREqYugsXWMHcEMLsGaT4qZ7gY3bgCD7wlZPEhktSyyvNuuQZ1uj3GTMM7x7XWMq4+FaPbSOrgPAAOP76JB6LxqOhFWf61J9rF0KHPojEQ1kjtXkA7Y0KvKMyiqGoNLCDCPrVzI2XQXULlbb7K0HGlamHS6yRGaquewAvcWoLJ87xUixVTGBwTP0FAbOIAOo71TGT1bUWZo3O9n6RUZlvjfNCHEe4eoGIPAvUMEVxaKKvbKj6aNKQ5Wlea0ToAlRFcXpApxL2eCFfmDsAiOjXwEXW5V3cKUVniSzysnWJ2YJR1NoMuvzz5XNNy4nGqXrokYqgVFgbrmp55v3GFivYJyspWcXqHhZzAGlXrXt4TH1Trze38Pc6QgwQSF3tiVEDI1ZzwInQP8ygPqGkoAm2975bhWSCvTBP8y6v3dSmymoO2Bpnnay9T8alZ/PJn/pscbHukblSFdeQ8di3KmkS9ctnXQ2Ge/2WESc8Fmax5wATQTgTkackYmkQB9nrbEezhOk1/f9BvT/rra7+5h1rMkMRZbINNHnToB+Ru6PHzQ8QT49lcJJRFtyjDby+JzDaLawWbEE/sY1qk9sNh4dJoGKLFOOKkaw37aNMqMZ5xm8ldU34uplPtncoBJkjNMxoswqZs1WW767TSUlJ03zHW9n0LlaafNiSDmYTvdElol2cK4xp2leiZioEfxrZwEv8VT2lthL8/yjKnOS7F8T7QWNBBp0svWiVYrG4zojj0+wpUNpJVeSb17rsIAUemoqkLleRV7Qt8g4FemrSKv9q4jQNoJ8fjoud9tZtJnfSfonWdAKfbmr0sdigBbXE1AhqPPSy53QXn1nikwHUI++4K2HM/qefBdBjkznvV4uIofIt9oE2avTR18uf0rcuc6itdCiI0GuJE7TaoDMhdx2VKK9tFWHlmxJrHSDzQXaA6rByhY+ZIStLOhJbTKYUaAa7GHj1JqC5F/VTidzueGcXiF/m6Gf+R+ecTpJPoBG9MmV7k/Hc9qJLjtQIUkxtqd4zwMT7fmYIF9AoW11NIVZ4LIAdTGnNLOJ5A6wx9T+Wv8BxP9No0Lvm+rv5FNwgdOF7nrAVcZSUpHiwtLKfza+e64fbnf5F1tWn+jrOrxAbtrkMc2hRz6MRWdaoxVkASI/ZuQ/SsnESNBzcXjw4Hgo8CVBykkkf6tKdL+MW8CFVcy0RmtSLXR44MxRT2Fxuvxfsq85cqWfSaD9qcD2/NAuQN0ZYu6AnclyTvOSPF0AGTZaohfu0ffimAYW1mErpY1mm+b9J8AA1pXLGzfKNmQAAAAASUVORK5CYII=', '1', 'cbc', '');
INSERT INTO `gather_task` VALUES (142, '道路维修', '道路维修采集', 'PL_ROADREPAIR', 'polyline', '2022-09-02', '', '1', 'cbc', '#00FF0D');
INSERT INTO `gather_task` VALUES (143, '公园', '厦门公园采集', 'PG_PARK', 'polygon', '2022-09-02', '', '1', 'cbc', '#D57D13');

-- ----------------------------
-- Table structure for gather_task_field
-- ----------------------------
DROP TABLE IF EXISTS `gather_task_field`;
CREATE TABLE `gather_task_field`  (
                                      `id` int(50) NOT NULL AUTO_INCREMENT,
                                      `table_name` varchar(50) CHARACTER SET utf8 COLLATE utf8_general_ci NULL DEFAULT NULL,
                                      `field_name` varchar(50) CHARACTER SET utf8 COLLATE utf8_general_ci NULL DEFAULT NULL,
                                      `field_dec` varchar(50) CHARACTER SET utf8 COLLATE utf8_general_ci NULL DEFAULT NULL,
                                      `field_length` varchar(50) CHARACTER SET utf8 COLLATE utf8_general_ci NULL DEFAULT NULL,
                                      `field_type` varchar(50) CHARACTER SET utf8 COLLATE utf8_general_ci NULL DEFAULT NULL,
                                      `dicid` varchar(50) CHARACTER SET utf8 COLLATE utf8_general_ci NULL DEFAULT NULL,
                                      `show_flag` varchar(50) CHARACTER SET utf8 COLLATE utf8_general_ci NULL DEFAULT NULL COMMENT '0表示不显示，1表示显示',
                                      `taskid` int(11) NULL DEFAULT NULL,
                                      PRIMARY KEY (`id`) USING BTREE
) ENGINE = InnoDB AUTO_INCREMENT = 1885 CHARACTER SET = utf8 COLLATE = utf8_general_ci ROW_FORMAT = Dynamic;

-- ----------------------------
-- Records of gather_task_field
-- ----------------------------
INSERT INTO `gather_task_field` VALUES (1885, 'PT_WANGBA', 'GATHER_ID', '主键', '', 'int', '', '0', 140);
INSERT INTO `gather_task_field` VALUES (1886, 'PT_WANGBA', 'GATHER_ZBX', '坐标X', '30', 'word', '', '4', 140);
INSERT INTO `gather_task_field` VALUES (1887, 'PT_WANGBA', 'GATHER_ZBY', '坐标Y', '30', 'word', '', '4', 140);
INSERT INTO `gather_task_field` VALUES (1888, 'PT_WANGBA', 'GATHER_CJR', '采集人', '30', 'word', '', '4', 140);
INSERT INTO `gather_task_field` VALUES (1889, 'PT_WANGBA', 'GATHER_CJSJ', '采集时间', '50', 'time', '', '4', 140);
INSERT INTO `gather_task_field` VALUES (1890, 'PT_WANGBA', 'GATHER_CJJQ', '采集机器', '30', 'word', '', '4', 140);
INSERT INTO `gather_task_field` VALUES (1891, 'PT_WANGBA', 'GATHER_GXRY', '更新人员', '30', 'word', '', '4', 140);
INSERT INTO `gather_task_field` VALUES (1892, 'PT_WANGBA', 'GATHER_GXSJ', '更新时间', '50', 'time', '', '4', 140);
INSERT INTO `gather_task_field` VALUES (1893, 'PT_WANGBA', 'GATHER_ZXRY', '注销人员', '30', 'word', '', '4', 140);
INSERT INTO `gather_task_field` VALUES (1894, 'PT_WANGBA', 'GATHER_ZXSJ', '注销时间', '50', 'time', '', '4', 140);
INSERT INTO `gather_task_field` VALUES (1895, 'PT_WANGBA', 'GATHER_ZXZT', '注销状态', '30', 'word', '', '4', 140);
INSERT INTO `gather_task_field` VALUES (1896, 'PT_WANGBA', 'GATHER_ZXYY', '注销原因', '3000', 'word', '', '4', 140);
INSERT INTO `gather_task_field` VALUES (1897, 'PT_WANGBA', 'NAME', '网吧名称', '30', 'word', '', '1', 140);
INSERT INTO `gather_task_field` VALUES (1898, 'PT_WANGBA', 'ADDRESS', '网吧地址', '500', 'word', '', '2', 140);
INSERT INTO `gather_task_field` VALUES (1899, 'PT_WANGBA', 'STARTTIME', '营业时间', '50', 'time', '', '3', 140);
INSERT INTO `gather_task_field` VALUES (1900, 'PT_WANGBA', 'PHOTO', '相关照片', NULL, 'photo', '', '3', 140);
INSERT INTO `gather_task_field` VALUES (1901, 'PT_WANGBA', 'AUDIO', '相关音频', NULL, 'audio', '', '3', 140);
INSERT INTO `gather_task_field` VALUES (1902, 'PT_WANGBA', 'VIDEO', '相关视频', NULL, 'video', '', '3', 140);
INSERT INTO `gather_task_field` VALUES (1903, 'PT_HOTEL', 'GATHER_ID', '主键', '', 'int', '', '0', 141);
INSERT INTO `gather_task_field` VALUES (1904, 'PT_HOTEL', 'GATHER_ZBX', '坐标X', '30', 'word', '', '4', 141);
INSERT INTO `gather_task_field` VALUES (1905, 'PT_HOTEL', 'GATHER_ZBY', '坐标Y', '30', 'word', '', '4', 141);
INSERT INTO `gather_task_field` VALUES (1906, 'PT_HOTEL', 'GATHER_CJR', '采集人', '30', 'word', '', '4', 141);
INSERT INTO `gather_task_field` VALUES (1907, 'PT_HOTEL', 'GATHER_CJSJ', '采集时间', '50', 'time', '', '4', 141);
INSERT INTO `gather_task_field` VALUES (1908, 'PT_HOTEL', 'GATHER_CJJQ', '采集机器', '30', 'word', '', '4', 141);
INSERT INTO `gather_task_field` VALUES (1909, 'PT_HOTEL', 'GATHER_GXRY', '更新人员', '30', 'word', '', '4', 141);
INSERT INTO `gather_task_field` VALUES (1910, 'PT_HOTEL', 'GATHER_GXSJ', '更新时间', '50', 'time', '', '4', 141);
INSERT INTO `gather_task_field` VALUES (1911, 'PT_HOTEL', 'GATHER_ZXRY', '注销人员', '30', 'word', '', '4', 141);
INSERT INTO `gather_task_field` VALUES (1912, 'PT_HOTEL', 'GATHER_ZXSJ', '注销时间', '50', 'time', '', '4', 141);
INSERT INTO `gather_task_field` VALUES (1913, 'PT_HOTEL', 'GATHER_ZXZT', '注销状态', '30', 'word', '', '4', 141);
INSERT INTO `gather_task_field` VALUES (1914, 'PT_HOTEL', 'GATHER_ZXYY', '注销原因', '3000', 'word', '', '4', 141);
INSERT INTO `gather_task_field` VALUES (1915, 'PT_HOTEL', 'NAME', '旅馆名称', '30', 'word', '', '1', 141);
INSERT INTO `gather_task_field` VALUES (1916, 'PT_HOTEL', 'ZZJG', '组织机构', '30', 'tree', '10', '3', 141);
INSERT INTO `gather_task_field` VALUES (1917, 'PT_HOTEL', 'SEX', '性别', '30', 'select', '21', '3', 141);
INSERT INTO `gather_task_field` VALUES (1918, 'PT_HOTEL', 'CONTENT', '描述', NULL, 'rich', '', '3', 141);
INSERT INTO `gather_task_field` VALUES (1919, 'PT_HOTEL', 'ADDRESS', '旅馆地址', '500', 'word', '', '2', 141);
INSERT INTO `gather_task_field` VALUES (1920, 'PT_HOTEL', 'PRINCIPAL', '负责人', '30', 'word', '', '3', 141);
INSERT INTO `gather_task_field` VALUES (1921, 'PL_ROADREPAIR', 'GATHER_ID', '主键', '', 'int', '', '0', 142);
INSERT INTO `gather_task_field` VALUES (1922, 'PL_ROADREPAIR', 'GATHER_ZBC', '坐标串', '', 'word', '', '4', 142);
INSERT INTO `gather_task_field` VALUES (1923, 'PL_ROADREPAIR', 'GATHER_CJR', '采集人', '30', 'word', '', '4', 142);
INSERT INTO `gather_task_field` VALUES (1924, 'PL_ROADREPAIR', 'GATHER_CJSJ', '采集时间', '50', 'time', '', '4', 142);
INSERT INTO `gather_task_field` VALUES (1925, 'PL_ROADREPAIR', 'GATHER_CJJQ', '采集机器', '30', 'word', '', '4', 142);
INSERT INTO `gather_task_field` VALUES (1926, 'PL_ROADREPAIR', 'GATHER_GXRY', '更新人员', '30', 'word', '', '4', 142);
INSERT INTO `gather_task_field` VALUES (1927, 'PL_ROADREPAIR', 'GATHER_GXSJ', '更新时间', '50', 'time', '', '4', 142);
INSERT INTO `gather_task_field` VALUES (1928, 'PL_ROADREPAIR', 'GATHER_ZXRY', '注销人员', '30', 'word', '', '4', 142);
INSERT INTO `gather_task_field` VALUES (1929, 'PL_ROADREPAIR', 'GATHER_ZXSJ', '注销时间', '50', 'time', '', '4', 142);
INSERT INTO `gather_task_field` VALUES (1930, 'PL_ROADREPAIR', 'GATHER_ZXZT', '注销状态', '30', 'word', '', '4', 142);
INSERT INTO `gather_task_field` VALUES (1931, 'PL_ROADREPAIR', 'GATHER_ZXYY', '注销原因', '3000', 'word', '', '4', 142);
INSERT INTO `gather_task_field` VALUES (1932, 'PL_ROADREPAIR', 'ROADNAME', '维修路段名称', '30', 'word', '', '1', 142);
INSERT INTO `gather_task_field` VALUES (1934, 'PL_ROADREPAIR', 'ZZJG', '组织机构', '30', 'tree', '10', '3', 142);
INSERT INTO `gather_task_field` VALUES (1935, 'PL_ROADREPAIR', 'STARTTIME', '维修开始时间', '50', 'time', '', '2', 142);
INSERT INTO `gather_task_field` VALUES (1936, 'PL_ROADREPAIR', 'ENDTIME', '维修结束时间', '50', 'time', '', '2', 142);
INSERT INTO `gather_task_field` VALUES (1938, 'PL_ROADREPAIR', 'VIDEO', '视频记录', NULL, 'video', '', '3', 142);
INSERT INTO `gather_task_field` VALUES (1939, 'PL_ROADREPAIR', 'CONTENT', '维修描述', NULL, 'rich', '', '3', 142);
INSERT INTO `gather_task_field` VALUES (1940, 'PG_PARK', 'GATHER_ID', '主键', '', 'int', '', '0', 143);
INSERT INTO `gather_task_field` VALUES (1941, 'PG_PARK', 'GATHER_ZBC', '坐标串', '', 'word', '', '4', 143);
INSERT INTO `gather_task_field` VALUES (1942, 'PG_PARK', 'GATHER_CJR', '采集人', '30', 'word', '', '4', 143);
INSERT INTO `gather_task_field` VALUES (1943, 'PG_PARK', 'GATHER_CJSJ', '采集时间', '50', 'time', '', '4', 143);
INSERT INTO `gather_task_field` VALUES (1944, 'PG_PARK', 'GATHER_CJJQ', '采集机器', '30', 'word', '', '4', 143);
INSERT INTO `gather_task_field` VALUES (1945, 'PG_PARK', 'GATHER_GXRY', '更新人员', '30', 'word', '', '4', 143);
INSERT INTO `gather_task_field` VALUES (1946, 'PG_PARK', 'GATHER_GXSJ', '更新时间', '50', 'time', '', '4', 143);
INSERT INTO `gather_task_field` VALUES (1947, 'PG_PARK', 'GATHER_ZXRY', '注销人员', '30', 'word', '', '4', 143);
INSERT INTO `gather_task_field` VALUES (1948, 'PG_PARK', 'GATHER_ZXSJ', '注销时间', '50', 'time', '', '4', 143);
INSERT INTO `gather_task_field` VALUES (1949, 'PG_PARK', 'GATHER_ZXZT', '注销状态', '30', 'word', '', '4', 143);
INSERT INTO `gather_task_field` VALUES (1950, 'PG_PARK', 'GATHER_ZXYY', '注销原因', '3000', 'word', '', '4', 143);
INSERT INTO `gather_task_field` VALUES (1951, 'PG_PARK', 'NAME', '公园名称', '30', 'word', '', '1', 143);
INSERT INTO `gather_task_field` VALUES (1952, 'PG_PARK', 'COUNT', '容纳人数', '30', 'word', '', '2', 143);
INSERT INTO `gather_task_field` VALUES (1953, 'PG_PARK', 'ZZJG', '组织机构', '30', 'tree', '10', '3', 143);
INSERT INTO `gather_task_field` VALUES (1954, 'PG_PARK', 'CONTENT', '相关描述', NULL, 'rich', '', '3', 143);
INSERT INTO `gather_task_field` VALUES (1955, 'PG_PARK', 'PHOTO', '相关照片', NULL, 'photo', '', '3', 143);
INSERT INTO `gather_task_field` VALUES (1956, 'PG_PARK', 'VIDEO', '视频片段', NULL, 'video', '', '3', 143);

-- ----------------------------
-- Table structure for gather_task_tree
-- ----------------------------
DROP TABLE IF EXISTS `gather_task_tree`;
CREATE TABLE `gather_task_tree`  (
                                     `ID` int(11) NOT NULL AUTO_INCREMENT,
                                     `NAME` varchar(30) CHARACTER SET utf8 COLLATE utf8_general_ci NULL DEFAULT NULL,
                                     `PID` int(11) NULL DEFAULT NULL,
                                     `taskid` int(11) NULL DEFAULT NULL,
                                     `table_name` varchar(50) CHARACTER SET utf8 COLLATE utf8_general_ci NULL DEFAULT NULL,
                                     PRIMARY KEY (`ID`) USING BTREE
) ENGINE = InnoDB AUTO_INCREMENT = 255 CHARACTER SET = utf8 COLLATE = utf8_general_ci ROW_FORMAT = Dynamic;
-- ----------------------------
-- Records of gather_task_tree
-- ----------------------------
INSERT INTO `gather_task_tree` VALUES (1, '图层', NULL, NULL, NULL);
INSERT INTO `gather_task_tree` VALUES (255, '公安行业', 1, NULL, NULL);
INSERT INTO `gather_task_tree` VALUES (256, '网吧', 255, 140, 'PT_WANGBA');
INSERT INTO `gather_task_tree` VALUES (257, '旅馆', 255, 141, 'PT_HOTEL');
INSERT INTO `gather_task_tree` VALUES (258, '交通行业', 1, NULL, NULL);
INSERT INTO `gather_task_tree` VALUES (259, '道路维修', 258, 142, 'PL_ROADREPAIR');
INSERT INTO `gather_task_tree` VALUES (260, '市政行业', 1, NULL, NULL);
INSERT INTO `gather_task_tree` VALUES (261, '公园', 260, 143, 'PG_PARK');

-- ----------------------------
-- Table structure for gather_task_user
-- ----------------------------
DROP TABLE IF EXISTS `gather_task_user`;
CREATE TABLE `gather_task_user`  (
                                     `id` int(11) NOT NULL AUTO_INCREMENT,
                                     `userid` varchar(50) CHARACTER SET utf8 COLLATE utf8_general_ci NULL DEFAULT NULL,
                                     `taskid` varchar(50) CHARACTER SET utf8 COLLATE utf8_general_ci NULL DEFAULT NULL,
                                     `time` varchar(50) CHARACTER SET utf8 COLLATE utf8_general_ci NULL DEFAULT NULL,
                                     PRIMARY KEY (`id`) USING BTREE
) ENGINE = InnoDB AUTO_INCREMENT = 22 CHARACTER SET = utf8 COLLATE = utf8_general_ci ROW_FORMAT = Dynamic;
-- ----------------------------
-- Records of gather_task_user
-- ----------------------------
INSERT INTO `gather_task_user` VALUES (22, 'cbc', '140', '2022-09-01 17:12:19');
INSERT INTO `gather_task_user` VALUES (23, 'cbc', '141', '2022-09-02 10:58:04');
INSERT INTO `gather_task_user` VALUES (24, 'cbc', '142', '2022-09-02 11:06:57');
INSERT INTO `gather_task_user` VALUES (25, 'cbc', '143', '2022-09-02 11:19:34');

-- ----------------------------
-- Table structure for gather_tree_dic
-- ----------------------------
DROP TABLE IF EXISTS `gather_tree_dic`;
CREATE TABLE `gather_tree_dic`  (
                                    `treeid` int(50) NOT NULL AUTO_INCREMENT,
                                    `treems` varchar(50) CHARACTER SET utf8 COLLATE utf8_general_ci NULL DEFAULT NULL,
                                    `treelength` int(50) NOT NULL,
                                    `treename` varchar(50) CHARACTER SET utf8 COLLATE utf8_general_ci NULL DEFAULT NULL,
                                    `tablename` varchar(50) CHARACTER SET utf8 COLLATE utf8_general_ci NULL DEFAULT NULL,
                                    PRIMARY KEY (`treeid`) USING BTREE
) ENGINE = InnoDB AUTO_INCREMENT = 10 CHARACTER SET = utf8 COLLATE = utf8_general_ci ROW_FORMAT = Dynamic;
-- ----------------------------
-- Records of gather_tree_dic
-- ----------------------------
INSERT INTO `gather_tree_dic` VALUES (10, '组织机构', 30, 'ZZJG', 'gather_tree_dic_ZZJG');


-- ----------------------------
-- Table structure for gather_user
-- ----------------------------
DROP TABLE IF EXISTS `gather_user`;
CREATE TABLE `gather_user`  (
                                `id` int(50) NOT NULL DEFAULT 0,
                                `username` varchar(50) CHARACTER SET utf8 COLLATE utf8_general_ci NOT NULL,
                                `password` varchar(50) CHARACTER SET utf8 COLLATE utf8_general_ci NULL DEFAULT NULL,
                                `userid` varchar(50) CHARACTER SET utf8 COLLATE utf8_general_ci NOT NULL,
                                `cjsj` date NULL DEFAULT NULL,
                                `sfzh` varchar(50) CHARACTER SET utf8 COLLATE utf8_general_ci NULL DEFAULT NULL,
                                `phone` varchar(50) CHARACTER SET utf8 COLLATE utf8_general_ci NULL DEFAULT NULL,
                                `type` varchar(50) CHARACTER SET utf8 COLLATE utf8_general_ci NULL DEFAULT NULL
) ENGINE = InnoDB CHARACTER SET = utf8 COLLATE = utf8_general_ci ROW_FORMAT = Dynamic;

-- ----------------------------
-- Records of gather_user
-- ----------------------------
INSERT INTO `gather_user` VALUES (1, '超级管理员', '123456', 'cbc', '2018-03-26', '350681199889765674', '18559274808', 'super');
INSERT INTO `gather_user` VALUES (2, '一般用户', '123456', 'test', '2018-03-26', '213123132421434357', '18559248512', 'normal');
INSERT INTO `gather_user` VALUES (10, '管理用户', '123456', 'manager', '2018-03-26', '451645646546546455', '18359277622', 'manager');


-- ----------------------------
-- Table structure for gather_tree_dic_zzjg
-- ----------------------------
DROP TABLE IF EXISTS `gather_tree_dic_zzjg`;
CREATE TABLE `gather_tree_dic_zzjg`  (
                                         `ID` varchar(50) CHARACTER SET utf8 COLLATE utf8_general_ci NOT NULL,
                                         `NAME` varchar(50) CHARACTER SET utf8 COLLATE utf8_general_ci NULL DEFAULT NULL,
                                         `PID` varchar(50) CHARACTER SET utf8 COLLATE utf8_general_ci NULL DEFAULT NULL,
                                         PRIMARY KEY (`ID`) USING BTREE
) ENGINE = InnoDB CHARACTER SET = utf8 COLLATE = utf8_general_ci ROW_FORMAT = Dynamic;

-- ----------------------------
-- Records of gather_tree_dic_zzjg
-- ----------------------------
INSERT INTO `gather_tree_dic_zzjg` VALUES ('350000', '福建省', NULL);
INSERT INTO `gather_tree_dic_zzjg` VALUES ('350200', '厦门市', '350000');
INSERT INTO `gather_tree_dic_zzjg` VALUES ('350201', '思明区', '350200');
INSERT INTO `gather_tree_dic_zzjg` VALUES ('350600', '漳州市', '350000');
INSERT INTO `gather_tree_dic_zzjg` VALUES ('350601', '芗城区', '350600');
INSERT INTO `gather_tree_dic_zzjg` VALUES ('350602', '龙海区', '350600');
INSERT INTO `gather_tree_dic_zzjg` VALUES ('360202', '湖里区', '350200');



-- ----------------------------
-- Table structure for pg_park
-- ----------------------------
DROP TABLE IF EXISTS `pg_park`;
CREATE TABLE `pg_park`  (
                            `GATHER_ID` int(10) UNSIGNED NOT NULL AUTO_INCREMENT,
                            `VIDEO` text CHARACTER SET utf8 COLLATE utf8_general_ci NULL,
                            `COUNT` varchar(30) CHARACTER SET utf8 COLLATE utf8_general_ci NULL DEFAULT NULL COMMENT '容纳人数',
                            `PHOTO` text CHARACTER SET utf8 COLLATE utf8_general_ci NULL,
                            `NAME` varchar(30) CHARACTER SET utf8 COLLATE utf8_general_ci NULL DEFAULT NULL COMMENT '公园名称',
                            `CONTENT` longtext CHARACTER SET utf8 COLLATE utf8_general_ci NULL,
                            `ZZJG` varchar(30) CHARACTER SET utf8 COLLATE utf8_general_ci NULL DEFAULT NULL,
                            `GATHER_GXRY` varchar(30) CHARACTER SET utf8 COLLATE utf8_general_ci NULL DEFAULT NULL,
                            `GATHER_ZBC` text CHARACTER SET utf8 COLLATE utf8_general_ci NULL,
                            `GATHER_ZXSJ` varchar(50) CHARACTER SET utf8 COLLATE utf8_general_ci NULL DEFAULT NULL,
                            `GATHER_CJJQ` varchar(30) CHARACTER SET utf8 COLLATE utf8_general_ci NULL DEFAULT NULL,
                            `GATHER_ZXRY` varchar(30) CHARACTER SET utf8 COLLATE utf8_general_ci NULL DEFAULT NULL,
                            `GATHER_CJSJ` varchar(50) CHARACTER SET utf8 COLLATE utf8_general_ci NULL DEFAULT NULL,
                            `GATHER_ZXYY` varchar(3000) CHARACTER SET utf8 COLLATE utf8_general_ci NULL DEFAULT NULL,
                            `GATHER_GXSJ` varchar(50) CHARACTER SET utf8 COLLATE utf8_general_ci NULL DEFAULT NULL,
                            `GATHER_CJR` varchar(30) CHARACTER SET utf8 COLLATE utf8_general_ci NULL DEFAULT NULL,
                            `GATHER_ZXZT` varchar(30) CHARACTER SET utf8 COLLATE utf8_general_ci NULL DEFAULT NULL,
                            PRIMARY KEY (`GATHER_ID`) USING BTREE
) ENGINE = InnoDB AUTO_INCREMENT = 3 CHARACTER SET = utf8 COLLATE = utf8_general_ci ROW_FORMAT = Dynamic;

-- ----------------------------
-- Records of pg_park
-- ----------------------------
INSERT INTO `pg_park` VALUES (1, 'f08f2263ff26487599535326f0a43680', '510', 'fc9a238c4b7f4499a0495e77ce3a8ace', '中山公园', '<p><strong>中山公园简介：</strong></p><p>&nbsp;&nbsp;&nbsp;&nbsp;位于厦门闹市区中心，始建于1926年，占地16万平方米，当年为纪念孙中山先生，弘扬其“天下为公”精神，故命名为“中山公园”。 园内依山就势，一派葱笼，层层叠叠，石径盘旋，人行其间宛若置身深山幽谷。公园几经兴废，自1983年以来政府多次拨款重建和休整，使公园旧貌换新颜。</p><p><strong>园内主要景点：&nbsp;</strong></p><p>&nbsp;&nbsp;&nbsp;&nbsp;1、各具特色的东、西、南、北四个园门，尤以南门最为壮观；&nbsp;</p><p>&nbsp;&nbsp;&nbsp;&nbsp;2、孙中山先生纪念碑，碑高20米，上书“天下为公”四个大字；</p><p>&nbsp;&nbsp;&nbsp;&nbsp;3、孙中山站立铜像，庄严肃穆；&nbsp;</p><p>&nbsp;&nbsp;&nbsp;&nbsp;4、园内魁星山、魁星河、廖花溪和亭台楼榭、小桥等构成一幅江南山水画，令人心旷神怡；</p><p>&nbsp;&nbsp;&nbsp;&nbsp;5、园中有园，情趣盎然，逸趣园、游乐园、动物园、花展馆等为公园锦上添花。</p><p><br></p>', '思明区', 'cbc', '24.463478830380772,118.08446645736696;24.46205303605471,118.08356523513795;24.461613575645167,118.08387637138368;24.460842074772856,118.0838978290558;24.46096903093744,118.08313608169557;24.460588162059757,118.08300733566286;24.460090101020388,118.08369398117067;24.459572506088733,118.08338284492494;24.459367420716163,118.08494925498964;24.46095926508317,118.08545351028444;24.46268780949472,118.08701992034914;24.46379133109009,118.08781385421754;24.46409406541275,118.08765292167665', NULL, '10.11.0.87', NULL, '2022-09-02 11:21:39', NULL, '2022-09-02 11:30:56', 'cbc', '0');
INSERT INTO `pg_park` VALUES (2, '1aa51320977a42b489748dc2e23a21fc', '12000', '0ede0b242c3d482f9d16088f3fa58958', '厦门植物园', '<p>	厦门园林植物园，俗称“万石植物园”，位于福建省<a href=\"https://baike.baidu.com/item/%E5%8E%A6%E9%97%A8%E5%B2%9B/5630242?fromModule=lemma_inlink\" rel=\"noopener noreferrer\" target=\"_blank\" style=\"color: rgb(19, 110, 194);\">厦门岛</a>东南隅的<a href=\"https://baike.baidu.com/item/%E4%B8%87%E7%9F%B3%E5%B1%B1?fromModule=lemma_inlink\" rel=\"noopener noreferrer\" target=\"_blank\" style=\"color: rgb(19, 110, 194);\">万石山</a>中，背靠<a href=\"https://baike.baidu.com/item/%E4%BA%94%E8%80%81%E5%B3%B0/6090519?fromModule=lemma_inlink\" rel=\"noopener noreferrer\" target=\"_blank\" style=\"color: rgb(19, 110, 194);\">五老峰</a>、<a href=\"https://baike.baidu.com/item/%E5%8D%97%E6%99%AE%E9%99%80%E5%AF%BA/1180153?fromModule=lemma_inlink\" rel=\"noopener noreferrer\" target=\"_blank\" style=\"color: rgb(19, 110, 194);\">南普陀寺</a>、<a href=\"https://baike.baidu.com/item/%E5%8E%A6%E9%97%A8%E5%A4%A7%E5%AD%A6/192083?fromModule=lemma_inlink\" rel=\"noopener noreferrer\" target=\"_blank\" style=\"color: rgb(19, 110, 194);\">厦门大学</a>，紧邻<a href=\"https://baike.baidu.com/item/%E4%B8%AD%E5%B1%B1%E8%B7%AF/6314795?fromModule=lemma_inlink\" rel=\"noopener noreferrer\" target=\"_blank\" style=\"color: rgb(19, 110, 194);\">中山路</a>商圈。始建于1960年，占地4.93平方公里，是<a href=\"https://baike.baidu.com/item/%E7%A6%8F%E5%BB%BA%E7%9C%81/122534?fromModule=lemma_inlink\" rel=\"noopener noreferrer\" target=\"_blank\" style=\"color: rgb(19, 110, 194);\">福建省</a>第一个植物园，是<a href=\"https://baike.baidu.com/item/%E9%BC%93%E6%B5%AA%E5%B1%BF%E2%80%94%E4%B8%87%E7%9F%B3%E5%B1%B1%E9%A3%8E%E6%99%AF%E5%90%8D%E8%83%9C%E5%8C%BA/7271800?fromModule=lemma_inlink\" rel=\"noopener noreferrer\" target=\"_blank\" style=\"color: rgb(19, 110, 194);\">鼓浪屿—万石山风景名胜区</a>的重要组成部分，集植物景观、自然景观、人文景观于一体。</p><p>	厦门园林植物园是国家首批AAAA级旅游区，是省、市和国家级科普教育基地、福建省首批环境教育基地与保护母亲河生态教育基地</p>', '思明区', NULL, '24.45343933254422,118.10186862945558;24.452736147072166,118.10521602630617;24.451798560338144,118.10504436492921;24.449571763884645,118.10573101043703;24.448204413229806,118.10560226440431;24.447266792777803,118.10598850250246;24.446993318831993,118.10680389404298;24.44658310680064,118.10661077499391;24.446954251077003,118.10569882392885;24.446817513839182,118.104465007782;24.44644636916016,118.10358524322511;24.446749145164638,118.10317754745485;24.447843039506765,118.10272693634035;24.448956457925906,118.10131072998048;24.450821900071602,118.10124635696411;24.451993891483063,118.10217976570131;24.452804512498613,118.10163259506227', NULL, '10.11.0.87', NULL, '2022-09-02 14:02:47', NULL, NULL, 'cbc', '0');


-- ----------------------------
-- Table structure for pl_roadrepair
-- ----------------------------
DROP TABLE IF EXISTS `pl_roadrepair`;
CREATE TABLE `pl_roadrepair`  (
                                  `GATHER_ID` int(10) UNSIGNED NOT NULL AUTO_INCREMENT,
                                  `STARTTIME` varchar(50) CHARACTER SET utf8 COLLATE utf8_general_ci NULL DEFAULT NULL COMMENT '维修开始时间',
                                  `VIDEO` text CHARACTER SET utf8 COLLATE utf8_general_ci NULL,
                                  `ZZJG` varchar(30) CHARACTER SET utf8 COLLATE utf8_general_ci NULL DEFAULT NULL,
                                  `ENDTIME` varchar(50) CHARACTER SET utf8 COLLATE utf8_general_ci NULL DEFAULT NULL COMMENT '维修结束时间',
                                  `ROADNAME` varchar(30) CHARACTER SET utf8 COLLATE utf8_general_ci NULL DEFAULT NULL COMMENT '维修路段名称',
                                  `CONTENT` text CHARACTER SET utf8 COLLATE utf8_general_ci NULL COMMENT '维修描述',
                                  `GATHER_ZXRY` varchar(30) CHARACTER SET utf8 COLLATE utf8_general_ci NULL DEFAULT NULL,
                                  `GATHER_CJSJ` varchar(50) CHARACTER SET utf8 COLLATE utf8_general_ci NULL DEFAULT NULL,
                                  `GATHER_ZXYY` varchar(3000) CHARACTER SET utf8 COLLATE utf8_general_ci NULL DEFAULT NULL,
                                  `GATHER_GXSJ` varchar(50) CHARACTER SET utf8 COLLATE utf8_general_ci NULL DEFAULT NULL,
                                  `GATHER_CJR` varchar(30) CHARACTER SET utf8 COLLATE utf8_general_ci NULL DEFAULT NULL,
                                  `GATHER_ZXZT` varchar(30) CHARACTER SET utf8 COLLATE utf8_general_ci NULL DEFAULT NULL,
                                  `GATHER_GXRY` varchar(30) CHARACTER SET utf8 COLLATE utf8_general_ci NULL DEFAULT NULL,
                                  `GATHER_ZBC` text CHARACTER SET utf8 COLLATE utf8_general_ci NULL,
                                  `GATHER_ZXSJ` varchar(50) CHARACTER SET utf8 COLLATE utf8_general_ci NULL DEFAULT NULL,
                                  `GATHER_CJJQ` varchar(30) CHARACTER SET utf8 COLLATE utf8_general_ci NULL DEFAULT NULL,
                                  PRIMARY KEY (`GATHER_ID`) USING BTREE
) ENGINE = InnoDB AUTO_INCREMENT = 3 CHARACTER SET = utf8 COLLATE = utf8_general_ci ROW_FORMAT = Dynamic;

-- ----------------------------
-- Records of pl_roadrepair
-- ----------------------------
INSERT INTO `pl_roadrepair` VALUES (1, '2022-09-02 11:07:33', 'cdfa6505c883449c8763b36a9d3ed9c5', '思明区', '2022-09-08 11:07:33', '鹭江道路临时维修', '<h1><strong>因最近一直下雨导致道路冲刷严重，需对道路进行维修。</strong></h1><p><img src=\"data:image/jpeg;base64,UklGRgq0AABXRUJQVlA4IP6zAACwzQGdASr0AVABPm0oj0WkIqEYnP6sQAbEs622SgPY9GQgqA+X/uWfH2koW+OP3Hlee/8e5/Mqs688/ev9L4E+WD5/++ehzhT7OdQjwzzl/yn7LeJ/yF+nPYF/Of7R5l/1P7ed11sX+b/aH2BfdT7n/5P8z6xP4nmb+5/7b2Avu99rv/H4O35H/t+wH+vPVp/yPIT9dewn923t1f///w/FL95P///7/i0/eP/6GvSdGbLbuhjH/5x4/jdG2K4p/JvoiIi7fxZAzZ6dF704Jh7bg2QmIQsGsS9S/cuq3tGfPEf+5bdwO673lliKRSrFSXpmaY1HNXtlhnV7JqIo1Q8kQWHNnHb27EkUVwnyT5Iu+VYlvpcTQRbkxd/sug3Q3GLoE0P7z7Q06GwyS0Bi7MmPb8Zkjab1g/oOU8IiMBFDgBT+EPr6/RMBej69x19f9pTRbTqfpEclB7cIieqfN7Nmgl0I6DmzRgXe1xp98lyA/dZS8en/OfAMPVkEMcungJdwXRWwRMxXxCj1xR/ltHNCWssEem4t7n4ip0Gcks9zgYvDzu9I4Z2cZ5NMYP87CfFwXiK3IyePFY8/WAg0oAOhcU7UhfqlHrVPh71cts3hc8Tzum6GcmkP1Gw8dKs6yJkKU/SKTJOOlr70Hnyuzqvmhc9WyPFZDOuGr3qT0jx5M9pAtNklFGeKWy63hs0uWF035oPbnCIEUgJR2cwyGprDGz7fhXB8Tpr5GEAySWGi1AwYieeunoXBsZlmgnT15pvADI3+xicIM251ubetNOybqrLL5XURpEnOAxl7rSOT1MpurDfqJ0veSPXbmsx8uiIrS2iXqQoe22uE938zTb+QPTwmOx9A1gtSxZ4IwCHHsOelali6J6rzSPxEijeeD7AxAWJH8Z4dgpsJfzkPUrNdn/P8LqdBablSell+s19LK1zszz7r81KeGmSOvvi3govwvBxPb/mSGToXEBESAho54RP8fZJhMEHp+T7OczT1C3lm8LydMDBd5v4aFBoJEkBYB6Gizhfoxt+hZYGZNAH0Cx3rtVY1sMO1OHyUzCincPaJkbDQuOYKN1fVsl1iNUcywIjF62eZ1djc4sqkMLKHIJyXV9GeLjIdm5/eLJCQAWXdSSMMNllEiVzTZpXMGy9ull1m3Wi4JTOjIAL/DzC5z2OQ9cfzwgZ+hWoka9BfMqCdgmEQZwVXvom4FrcSV/OoftZkAls/XD9zVbAZwVf7PsMKQX+A447feHeCgPbTIjonrawW6b/dJEuNIxc9ei8dQOkgJUnLvFUiDk3bMxpSSAh0dXNTTwKAoR+fNTJaHAUNFHuKhuLvKs22VQCj/XREPhMqx3pjei8MlMbPxuLeGJsia6XLIHTyJHpi/EGMveP+HKpN4P+76BqYzXCGL+po0DAXlv3uJEACg94AxXyimRfg2K+Ro+C5ANst6LvFSv/1oxl10OxP1d+v88irjJGH6NW5/WDhiLUaeLAkwPnp3rNUdI0IilRNuB5W11OgoKkrYLjcpdY8QwmhMhnyiV6ZMg/SE+k3BL+/Vu/vy/uZQ7GIWc6/Ad8H8e4U0DbB67eInvexgqG010Hy6+4//NVLnZEoj6grOnunN9vSH0oTOypQnIKgIaa6Ym7fb5/WUAz9/uApMkE5WoGVZ43iACayr8HWcVYVmUDUVR6j8LcR4WWGdxlwH36+s0L8hel/pkeEhG9+E0028FJuNWVQ6DfkpFff9EB4JD8EBtkaYC8CVBj7EQmXxOASGtgsXEsySBYjT4+rRrlCcfWuTHi5frIU06N947Xv0ccxL8Fm/qfN5WggS7+mJmd2P/icXtX0iJU+Y6hXhqovTy3/qiXzfzOQNbxXAdHhkmG9EIQcdg0WhTqer365gxSol1MirJEmsL52BBV6R/r8LQxuZWRE3ZjaskFKVivFx+Kd1qMC+bCQ1V12AHi2YQl5Xxit145jGsuN2avYtMGy706PfUv6gkRfTbf0+faSM+kjTaVGt6Uubf2eCGk7yb3c+CrbjqEz/s84bPPxYnsDyFw4YgFhxg/d4/FuKRppe60pmkZcCidYb2fuJEsY808S0JsQLguJ3SPKJacrjOG94QRyjsITEc7TDWTx1CBUKyazW6o5v4htd1gYG+3ZmV1xIDC8V9RvL6CYFe321XzYxCPwumuB3TbYN4d2AXYnaKqYvEBU6nFSqWSW/17BPzjDuaykSZXDhtuyzlflea6/OX/nnxMw73QXSLNoCgp9nXFjgn0nB91KPpvDAxfSULM3/ueB6t9IX0pLp119hcTlSTioQIXEKHZJS7yeen3WtMeICFozYfEIqHgMWtoxjdj/A59beQcFkoqAHTLyJ+OLa5E+OmBaUZyRakQv5QQL9eoGVy6qBJQxBx4lN8h9NTdoJbJiQichEOy95uhbPZeDLSVWPcez/LrpyuAFO7viaouz0X/A5DzLbm+4KQzF/XZHvU4m+R8g+ttgn6ToNlusL5QOqBH87xT0I2zprXZWVCdK0Y7pq33cpB1QEYgjo4/167cILDtpd2qQyrv6e2GsxOpQgjftSSdzFh4LRyY00mNV8nb2XRYC2xf7R3si19NDCD+R+LMuGPb4J0UZbahG9cgs7fiClsfJU/1+Wb/3J8qOKxHfYyWVnZqS+0t2XzA7tR6VV4BYxlHWiWVrVmOpVgVxyce4gnAVYug9fsMBW/JwiKNuWKatCeFDm5NBUwnpwdb92yIbHT5HNOXiS912KKGmlxwkR9BozuM7s/mvzqcBlOT9Aa4XgOS18viY6RcddxC4aaoXGGC0/7YUrmFUUtgaUH0YFZp/h+Ft3nSxlN0K9rDhro0jUa34DnqL4lAYxGg+asmNeie3S0KwkXMRswNpQF35uOimUjyE6gO6rjOi2P6QNqJmPtQ1eplZRwvXBgDIAQ7gFoE80OhpOjdhQnMJCCRNMjvuoufz3iX0RJvTSIR6GdKN6ahb5eYStb7EPHKgfrt7x790jPm+/rGlRc99folvLCo6xdKan4ix2Rs2TVMyIOSim2xOdMwYWjNSm2RvtJ8R036TaN4V7xZIi6U86QQG+yVOOF/1b6IoFHda0GFbY4Xb/xvJUQQiRpmiPHH8sxm/xXJ9AumkT/m0AZMwdh9BxTZOdlMOl4m2DbieLZ2m+OyoA0sWBX6XU1noUMV5k9wPVr2jgA6q8RKd4D18R0Cff4yX72zyNdL4oq3pEOVDEJ3yfStiEAdEWHEPksMEW+zBsorruAuCSTYcMSaopedxH3KjWV+JPY/qeV1G9BBJQYPkVAd/PjEeXBcefCeSsGRDZM6sCpGpLYr9h0SkdMaMbdTd6jrzcWNBSg8zX6x6WpSakmYkh/7le+xxj/kB6grqA7gXSe3yl8SHPgAo7rQ5zLrc/6wA8uEW29Q+V3+RpWFl6EPTy4eeJTjokrqMAIIw4ue2XxV9JKJbIJGkcDzLAj/9lv0109+mqXrjgPGBU/ubHpWztcww1bVzLvSKhEwgfeglBPsIxWXUlDDMI3N1uacWY9hkl7Gc/h9RSZ3coaNPw1bviWAFNwJk2cXIRHJ45OKg/hlRb7jZ1cG2RO/5pLRf9A1KDdua8hFsaGFa49uv5goa7thy9M4wMkbbZllsI2ufehq+1F4ndzFsEOMT/JZjGNeLMZfAQNDqv00KUQ3fQLOt9sf7xguQ/TiXtvmWy9wAsDKz4vGLOqwNOpHS+UkfnhCQHHwC3cyibnuBLrGcRqWxRSaHQyNmaxWcnGTA0r74KE9qvZAhIq+6xXBodefCg9lpA/FThdD0obtFR4OUzPlI2F+9Pe+XyMQKYUxfsbvPo+D50i+FFXighWb0toqKJ4nPoCN47YDqBMMQOLah1SUiCsfiKJ1hMceajhfA/7FQP18j3/V82Gre5VyTDHwip81DTGUZeejCcGDfQSJ7X/ogCCZOK0WuI3OB8UPAsvCMLNsKB9w5nYBLo/wZUiHV+w+K2bNpy4Tv8L3F9drZ1+aI+f4TJhzijdWEkDgMegoFP9xKTEU1F0QYP1rL3f9uxZqDrpQ4p5zIXRD40T/HdoTy1PiuddG7yhlbc2sacuP95cqbYgkVOeTqi6zcQ2m1vxM8h/3xRLqOD3amsaedVoRm4M8IzLFzUKA6syNOvDYtWFwqkl6HpRBNQHA50aBasHRPi9l2xP7jphv6DFM2mmhzvOgQ2VpHbNcSCAYSRfSN/+rBMQC8VMXYRmGH+lqkYRqEGG6sOcUi0GKGimXrYn4RbB4aKcDX9iaFUDqqXZJNnhwpguNKAu+Rml7mf/VUcYWdoCIb/fKcOcumUhGbK7SNLIiDQfudjHH2nEzIQnc5juBncvlptbSII8mhlWajVYn4OyRzqPQGt6uETNV3HzEurtF60j8XLQoCcbsvhv1depAP81VIHUgJzXoQ0QPcqNe2XOxR2r1mkJG8rQiTsV7m1G2ifXW7QJZcELX94jkmswFifdAm5eP3ZvAR9SZ/9nMLOSS727EOpNpIDV1hXkbYIAPol+aPj8QFN/C/HvZc/RqhO/0IwG2F2d1Ne+COTIroQ/ixBvOVZB+fIDxzhdsJ0ZJEIYVjAy5ZscsCqC4zH22cTCkxzxGt9c54+JSHskwoI3n1UFuTZrrlqr99ORcvU0AgxTEHrASzaenqpva3l9NGPo9TDhLL4hFjNgz7UvmD190ZwSZ+uMB8ZjxVk+0GHp1VnH4lh3C1q71oNkJC/VJYKHSRzWSQzY5Ci2i09sNG4mqnAULcsVzUw6habMsE7U1/rPpjOczJxLMOmB0Fyyjt1Wq6cDXeOuddncqNBPJYJqO0Ia5d2Pt8xtGKabjG59oeIW6ar5v9iy+rb5smiw230Xwk81rPNwF1aSr6HNtx102fe4DThh0Z7sDKfBeo+v3qOqeM+g9FMny87+1luhl6bK/9T0iLhlIJaYEMo5h8KQAA1iDjNbfwt7+KLXQx2uBpg9sHfhlJF97d1NiXpQC2/SMsCk3EvK6ahc41V6PjBEerqHOgYG6aWQb47I5b3MKlAHj5uNblApD5pocC3rFiPpDhtelSe/oKYHX3mHVyTEJDPwwV7pO7JywJ1D0WN2otpOVdoRHl5fUuYqd5qrMr99CA17J/Sil40/eq24fsuxi2AP948lYEooFVUebCBKbgfH6C1PR7Dlu/KAm80NRu913TcFquZrzlEKCaRMDInuYZInJHcWmp29vmodzwL0tWvil+DX4+0rzkHzx3gZb2OwPxJEx87pjhDl0MyqiFsnAuuxgPjDwlDR78+hXP+f5X2/EyP8fy5lulRHp/VAPiKj3tHmdujfEqCBhQYVW4OSFHubKynn7xszYnpp4nxQBbWpXMR6X06xHBWiETlx+ikBWWUPfdos+dgVRMyYx/w1zTtiNs9DZKeRzyQwgw8C+94cuSI9AUmHpJURIgfPHnX1gM0DKUxwhTXFsvXGRwp9DVFQ0BDs8MQuk+czrjuSUcf33uA7C4AhpjujLoKLOWeCsY8vDOJ5Vk4oxED6wrt2d5VLsmOfBAYn451cKIJzhayvoQ0kecubiCm1cAGuE3xwWdugGOrEZCnIXpQjQLfkDdib08/pd0VNpTXvrKsFpnCF/X5zRkTrzs91L4zA7HM9ADRgVFKFCiIBX0n+9YRBb9M7IzFoAcIhYT4PUfaphSt4Z8GNkYgQRBIIhuISxqXUGIQOtWqtC6+aRs0hDPqNNipPRREqGWrdb9ZDvui/X0iBiGtotC3lEx+DAdAYNKSKI14p8t911GoqMl+eFdHJKxi9sv87sPIm50j4hRwGeisM8dNz4+XLNiZtz9Tpwf99HUG0j/aJCREwT2X6MczcpoaNXUBHaXdK1hU0fC+YvM4Xe7LDWQmnmCrtby3fb4TXYsQhT76ep9MV2rAmEcLGd1+ubcQ66GwLhwuerIuEz8DIf6l1wq1y3rwk0EiV/uyT4OqWGCKKgWQp2g3dQ0Lv61duD/PnxjBZmVdE6lV+MHNWyr1Caji+l5+RO1ntnuOH82xnvxFXsfUaqVlnEFVZccJIV0CLoVBtZDaD3TgHp6u6W2fkREOGOUOsxXvSM91hkmeKCmGY3pE6P8u6BodDmHh0B0Vp4bGg2LCMixx6aZ1aS3SuelUmzV4yzZkm7n55TCIdtLfl8FP4zj+p2xeFqChTdeBAXoWbOlhgXQdzxJYQVBIWAymMZgxXXsnMosg6J1Fm0I//TokqlcrxA5qpQZLA7Hv7Xaudrf44lbt9qLP05nZjWSXbOpXpywtNOdotwl3tu6xvXfXEmOsPJ5YXFM7yqLnS70ftdxA2L7zZZRUyGrPyugdHcKeIidfv4N/fhlvMpibQ27c8bKO6qImGGOksn1NHYS0RZ0XGWuC1qozX75dhrHk+C9+pGVoG9G1JaSMkGxDYVTbAX56ZKVz+TsSWo9uzRgOLoNkEPEFmmoWiUwB27WwLtlIbC8SKBQvekrOmMRsPPVm1X4aEf+HzonaSmDC/P3h3tzPQ5HhrVQ1ndDaSVVY7xhxXYnp9SxrJUdZjt8SaxVrxh0N+LRu/roEsvv7W316UX+bkEWLtw6svJZ+k0ICY8LAOzAOMZ/dj2cmVx7xdlYSX33zrC+14V3EkhcZ5/+FmdWdY5TUhYLehS3SVk98P5z30B+Toc5uPr3JCkMmgwaicFUtUVxjNC5/mx4GBVSGOe5VZODIAFlqhYRTTMsNi5BMFPkLmPGLe/RR8WT8B9aw/4o2+uw9Zw8UMxr6hqvQf+HP2dHf0AFxtrpTo13zPMNcFOHSvGqyvORBiNn9IFc/OWwqle1rufZVaUngfPXP5kOad0DSA6cd5eMH8yUc7YDcfnd5vrIQpiR5cKFXf6YxNW7VfZTwGseIoGRR4kxgQWW8hs5jIjzQrdzq81E58UuI6tqOsB5Qub8cqBOJhP5/ABI2P/NkTzigPgnuZC4C8/LKCH0YtTMtklSng4kegn3AADYm+q3R7rT/CufwRWE/U+fTAjVRtk7SQkQi8kf/fxY9iAbkkgkmxPl0KVuZCEwHZ9tFFJIoMmQ20eGrYq9ikbsihcWqVWpVTK+85w81kuH0trsi+0DZ24WGMbSWfybc7cGmGLp4k6r2lzkWq1h02gT0NzBZ6hqlMBnwFV0GJR6SuABhmJFCadp1QoV3a578m32i3mcW0z4dkNcg9GvWkzmrqj/GK1YrlUbwBJB9MsnFom+VVE0lS+BpvmICPbDatOX+o4arAzSospDQWj3qc6TUj8nHy3ZVY5/ROaraCS7plN9eQF1bwiE5TM9r5UM8FeVk225+jFvS+3ZMiCsRf6wHnsho99szioFQwkzBuX8p0Tp4HKuCTLdLfPYqVWAdyPZv7+u8Os+RB33MkLl008/V90itX5HRq/wbkmMUmog2b5UzhpzO3pY0V6ijbzTWRBrnptwGBDsjVaDtP9g5B9eRXzbnZgqnwksnSoIE88ozrxNu98Yu+4rak1O9R9FVkrJOEp3ljx31cAptqbM26+PGtV1B3RTQ6EnSqCiJoCGCb6gdVR2a9CXeBgvYZ7jjiK5lbUw0X0ALXbdTukSneJKFwn4roGd7Fv8FYmKnzExYMvySKR2+bfFoIoJqa9VJlkCHd9Lgwk95AmF1YLPAzx/ataNwtQhw8B1T0aY5VXYz8xg9A1XjYAghQ0kEFxVuXmO+2rPtwEsXFzrn7tn/wSyjipCXZL0oRpQNJO73yccZ6hL+nqGypH1HZZH3/cOe8HkDUtZlZodLC0WLh/GSFzRcCA9/Hu6nlE2DqfbzfH4RvwgPs+bHqd2SaNBofp1PmnO1eBPperDbclHxysDiYmXjB2QM62raAdM2DO74YBGNZOZNs6fwSrSJp0dzk0UK79fHQx2YTYBrNJx7iW/6Knw16dBLZhkjn50JbRh4yxq6Kw4CvN1Bgc/PAbFXPl76cwFETi6fCeIPSrKRzrhXsPyuiqsloQhg0AVUIFAtySy4QYLPNhfMLTbG2yIXoxG4slQKncZZNgOJIcy9brKfD+IS4g8Bal/r605LHw365ejoU9+Q/Hl+axmfYkgBf5J5gC5i1oeOmFX++YhJOCFUpq12F7Snr0EMPbK47zZRWYIaeAMkwDKt66NG3BT1t+6YJf39Z+22PzU4NaA/R3e3E2bxTPlXjegVOonXAQnS2lFhjD6e/IHQYNp3ze1NaZxj90xECeYSrqXBhxNABitfnRx9VnKcEwyVHUYZnUhuDj7vgKqNYN1J9i/bh1n8FQFNr5D5GhvNjjf84e76CVbrNw7BnWy6sHxyMHX0V8j6MB64YEk9hMqzWv7ZxGhbEhd1UPmLpS/c2PLzsgcirIgPFkfC4KnaSqSbIR/WLeYCSutPhLlJi/mAOQxH5EADDn42ghayAfpGv2qWMzoeeOO74O+h5ly5riAvjyJTLAmA3egX6P0dXrhXadt4OCkGJ73x3vy01F+A8/gEUfO/I2mQCRJXHs3+AAzcE/aCd1LzJxANhqTxuslr+AveOVsCAgVcBOoK97uNYabHZpoivSJe2RmU6I6vS6FIuwemhwP0DHGiduCW1rIGbx4s/x9GXnaeJRIIBHGaMwJx2HPaYGEevWKOlObyvsV7EGZqCA6PTnfVz40tvm1DUZZjr2y/SZDErR5mBW4r79/rpKQb5sAr7VGgPL1TOc5Nq8R6ucM+Iql8aV3Z+C3pwiuLM+uYYdPBh/TPT0K3gMYqtaPJ4wXQ7d8nq5r44t71oWYFWHIHOgsNgrIvKsibPbrLOedYRy7VDaxHLzRg6Q70Xe+Kx4GSrGyg6sE4G/DPIuZehxR8ogS3Ib7YPd9kDx79mNGAzozumMY6bv8PFQmE+J/Rdgt2syNjL+3Fh7L1AKkf+et1k7XS4zFJlu4yFLC4it9ox1BQyhZm/O5eyTic+MGxOssz1LGxWhpWVrDSibN4TO7dnR1z+9t8JOk3ftzLYoXBNMQfrNAJwJu7ZS4a+Bru1j+Q9aX5wnwjaIX13eW/c13WmW/GTIqI9CpI8AoPXbVMyU+mW5+vVxp1V5dkjQ4z7DYoOOU4GZ3v+07cfieoNhzQyJAFnn02/eGus9D/Kxk/LWs2Mt6Ag1lCY446maMd4ZxTCbHDLIQEGHS27atDWc2Qj1UAdBGiqObLKC6hhLniz+O8zG5UM+JRRfbfoZNAliqNppKzl4YTnO3ifKBh9IC4C3xWuLe+uxC4thnP7p7XNOac3R+n9T88WZSf5ghJhbhgu2n5g55kCtfUD/hvV1JheKShgEaE34dcQRgyBXCFgkBmn0lomlP9oYhH8wn0Wh41QcDepIs6y2ScK8fzyysGLSOvJ8CBgUY0hwHQ9WBHrkg1F7G0vBWbDZVqx5Zi1Oqoj6y/FFN2Fgcm3rNKk9I96BvasJcCyHA+KU6gSwjwTegcLB+G1MFSBoaDAx87TZFoqGO9C0rL1Ko1whq4PvQ3PX5muBEL0PaSRNCfaAzy4zbuKAmPDtfnPMckMvmzJG6j712TTbcQep2B1PUxKzVox+U4hAyDRi7nAETg55JveI8lMYEqjf6pDVTGEuuu28Af8IZRoobYH76ODVdEh+pTZDUM9/35cyhghRcwHbYAStOmVsLIeSIWZvlvnA27UAIGk5SrzpKk4xIe8h7tWy9Xr2Sy3NtbbcGsapEEZ+9Uu1WJ5OYxqff2HbQ4bjP1NYJWYO/ZVvqL2FUCKBsuThBC0QuyLfKd4lacvOUBLDyJTmRNKPo/VPiQZJe1p3UojDzjb6N7xAu1ea1eZ+rv5MZAXueD2XwhMlMaGh+Dl3LetsELfjO3Pns/yQZYPLZQ9KQAmHig3OwICEZy9l58h+z1DlKgTQGZM7NQVCbN81vZJB37PT+nfbLDy/scGSGReupMMlGpNoTyMGtfdoc7H83I80/LFK/1FgfvPl6qGTD54jPkTP+FZ5ULHkS2X7w6+zzY80vKHfpkUGMkvt0g0lfOdCtZWSWNoCRlhdmlCIUdI7+ChFY4TZ+lCqiKPj1j2ic5GNZyngruH9clhcavTtf8joCsQhkqBHhinAyxXVc2QwqS2ualYLZE+YDtgRladDAIgzyMvgAQotfX8h9CFvkyv5X2GKnMXW7NVzMCDGo5+UfM3dvWNysa7+g+ELssOYBvxub0IfAHsYP1+OkMoKfvrIjg7nw74HBgo++pCyiuYQI5FFBHkiVQd6tSqfEfRjOKYc6Yt3oGtO7SBlUZPUQ8A6YdJWIMKJCoj+CTkoYkQVB8v2ZJPphM5xS+mtJ24QK2ILr3bRVdMbbE7w6JcEpKAdsS822CgCcNZjRKsA+FPVj1vvzsVM/ObLj73BMpO0N5zyeAjV2cYbatfxXwyd2GX9UT9LjNtSrOKHLHd21EMolrdRBAkGype7c/lJQURp5ylQQMIMcdpbRIPqzdZQgcP+0F9WHhXcVFVgC/pmyKqy7hOipp0cjrc09VxYemU9AUbuZdY0IJwSh829azOB/6pnRAyLKi08c8F2D6LdodVnfpxxOVLLukwVjSK0Lb7LzR0eAt0XEeoQUCuSa0qzp/CYLdbUvndQlN7XFvxlQRKzoYyDzPGMH5Ehvuw8nEdfVT9uhK5b6QBoUnHZR8JMghRqSGH6P2WhRlIiKpJHTHPRUjTtBT7Sjsq4fi+UybuTFB669CZAJr+C+J8YHSfwo5QKCYNAWTdU6M13MLuEj8eQCgf7ZM+iilWp4CjuJfUJmBR8MQO6S4NTsvSUGuLb8D3ESW8FL6/Dhy3WyFj4pdpvjwvvK6MS/PzCbQeTKHtH8f8JB6UKUDySHwq3iCFJLWyzAdGWYtmBddfCe70XlUXwBgwUEYD/6BAsMVShQuSGbnhq+RMTShgr55J/N0evSo0RL/iuDz/nWLPVYCVtxBLTix6Y8RVow3abe017uolVCRiwuNisCAUtBMth7Abev6ceZKt+Gg/ap9aFb6569xXoVDlZx0P8rQIT2RuxqzxnONH2bNucX/NwoTOwfkklzXBSj7HBglym1AYWg/zhwab1grG7NoCxy6DI4Z155IJG7D4nuCuE/nhcArkvId44k4cKT44cbO+tbfV6uGFcBORqbcJXMH6CXMBVIFHi+mFG9iKBmys/RHi9GEr60BsbEBobz7d4Iq+KzUUskoH6oCCM+g9QdELCVH9Ongk6eGMR6l/h0dvVAhky4ngfegg/Gspcb02UN+6x+9ttWTNAEqZjURucSJkVwqro5ZSRIcHnueaNOehWtfcO8AllWhCIEbe4S/wByAkJTpOhF3y5kF8XgtlSdiY5jp0en7o5MtqGPiFRqfUqowlTt0TXdWPEtrrafXHaTKNErNX9t2svlQBBr3n/vI8k2yVO+5d9/PXShs+cL+X5nl7Fo7WKLMcTIQq9viiAXSOECft2cyBcOF1K5xBXjWRvPW0Wmd3BR0Ojos1SzefGkNRZBUW1uO5GavVOiVSAzco9Pzvi4KfrrNELmD15LqBUDSEcD8qUVqeRBKWyOPTJRpPUaandLWv6SbQPypqTO+8HbI8pT+OKk/GaUv71E2CHjDXcrIt0YT0iOLYNe9+Abvt0PZ3sPVL4qKOPA2jOLftX2YUuWTc4TvknUffJXyTQu0Uw9yN3RSa1oDMazjng1DMMJ5ewuzrmw017q980CVSDunnv49pCnfNrfR5pNiZA1rewU4dQdUzxnlKXzQq7/Ke7Aexs6kAkHmiVBqrJskSJ1HuZMcUjJiYRAgGtvs6MklgknWh7P5xgjHsLt8aO4G+N9W0tw6KmKBB7oXBWmo5LBaggVySyjhAMAL+5HJSaZX/NJgUAUROgY7HjtiVYHIwdlIPWMR38D2cSEpvsmJl9HR4djpBXLMPFGnLB7yIUTN8ICAwNQDxqG0ub366MK7bXLDHfx56NdXMXRPL4cfXu0EH22BARt2nTKDV4LWXlBQVIOUh/2FpcJUUAF24ATyQ0EUPIyZjI9cm0xLrDId48KYZTzAkFqd0d9PfDnPv8FO8wm6HFKxyY23P8BZXvg2ZZThfW/I1lR/REEf4ZakYj6ROYxpkZZFybya29ENgfMx5BqCPkmML2uIWi/KS67GyLxCTzLZEzop10d2UtbtThVtMWLQee40tgRhxumVpRgyg5o7FUTqNUP7lwPi/Xx6NUjf/zI7EiGKDbyOaIBo7M+++m1LEsKGZghY59nOviPmkgs+J29UMquSAX033DLRk41DlzK/RpFkvhoz2yR6NUfuI1f9u1ER4OtrJCXfzBzUdHH1ikLNDCKntx31UjhXaMWjEOMa6G7ovLtqK6N/xTJ93VfIQ8szFCz+f0oDtaSWqw6MzkRsLbh7twgFHRp000IKIq0ytKfp0vfcCcI94Muqjq/kdpYcSahx5jYMwV7KNV89SdFczBIeQOfPLD0bvhDhOXiB9dvTI+TMHw8RmmuOeAWOTTmZxrYO18q0UAHbeffEwysMVfOFEJjrFqSAgtwWqhRF3IWJWq1SblhGkM9IBfR26Xu0eNexc97MeD5/tejr2mgduy2heqd86rKgYan6Nyiavqxl3n1b88+ApyMpYDlv6z2lqFelWlCr9kY7SehYBms32eDz1rOLG4iDRxVEO5H+CmLS8z3Kd8nzl//pOu8YwGwBHDDh5STpJGG+cb4G4EFZC7DG92AcZcIfJTqdjqNin/ZPWgpEFD6vL1IB2P0ch05ZLLc2Ld+B+/yFVx23q52NDOo63JhR0pG2R8eDxw7szXTjPba3Nm2z6Yfd4XVw5Uuro58bMCsYxO52ZO5WGgUz3m4DiGtLh/N98BjsZkggSoxGWYYH8o4xqu56NmDfCecOh6M9EEf9iBZ2EZPeIIPiKHWZ1/DwBDTQOmnZQKzzUhPdBQyuqZZ0EsYR8mK3/FYFFoY0WlPJOaA3IQhPCBFBOlRVmbcxE+ErJ1nJIcWZHGonLnIJoZlKlYQ2KOd7QaW0giuJLkllNW0jH48vtzjPo54AdgL6S1eAbFs/1+ke5T9lrGzvdp4b/DuqhzcMAkjDUMeIBxJylUD77dtTfec/y7WOJQTxjxYut8MOssxk2mTJfAfBmRPMu1UiAR/+GhcSbDng0B6obZVrJnx+5TI270fmrYc2HwhQ+S5sHgShAuCm6kQXraNXADj1SHEGyb4/ilLwgFsISr6yI3aa7O1T7KhbwGSmjV1WA72jX1eA3Kn9YrgaEZh65iPG1cOrgn4tHLVHrxAe//96ebHQGVS6szT2wKpqnO/8vibvy6JGPykrYhOErihhs6oBXu40dFCJziu9FWfUQYRDXE6Rj2RRcIVanhepX6SnOsXlG655VJiP3EsZ6NmZ3p4N5rwnjoGWGqFURCCi4PVsr675FahP/QN3v/Xxu5hWsDkeS8Bhbf78uUOOvI002UmB85lhGkIllK7K9DUnqzKGKfsO+LZiv2EXRAyA5d/meeCR0wK2etVT0jssC5GWND+x3u6xRVBqogMS4cxb/WSLgMQy6o5P7F2sjR1bJ9MRRqDdzPepqSfnT20PjOGynwTkUGcWV2EUk5ENAtcKXrFVYjaWDKFts5L3qh+OrYw8x/vG0YpBvs0zHqcYj4sOw8F3Va489vo0mG6AXhpn7w/Q3TP/GZMv5WglXGSqf4A+20reAxZRXr6UwV2J5L1gRvSnWk6KGQir4Qeu9trxl8fT4CJcLQEJYAtm6+AfQ5270fPnfERxVE1ikuJlZBxf5A1n3nWitbFfHzs+94H9yNgcYmgpPgMrdguq8FOQ/bc5fbd1DP5tY7+eYFpDoI9MrJRjADVFVKWtaPuKz6kVHuR8OpEWi87iqBmHdoHwWtPhCR6d+zy38sOLDlWvwuNBMcF3AUI3Z0I0UrNnlOEz96rqalACVf3oNOFWywB+SYx4iD46TQkiYsNuhfq3ry1W3WUQqbp5GlAjuooP0eSyN7G236w1HGuqM97JvCxIwj6C97338bfybBiS+ZOoLMqLtm+SiMu6XVnFNeSms3pQV4nTnu2Rh2+ueB2eeGHHMJFgPQikemRTzSWM2XC+i6zPu94qeiuEPLKvtpZXAo0wcMW/iYgM6t3mDD3N0eCTiwZ7+7CNj58nHBMtv4Gxbu9udvxx6GpPiM7dEoj1YKOpXq6wmzTIjkwXmkT3Ci9rnwr3OnECpjHI7r6PH2YG+/U5iXKS/xUJRekKr0Qvo2rd0oW8+GQIH1pQm9GPDhmx1vx/3eA5Rsp9/C/xAajvMyvT+CyPeTkRpFZBMOaj7VeLPGG7yopSnew95NTGs2kh0eIiy12KSF3//Y0QVVCLv1wxy3k2cgUd3H0OaxiyFqppKlLx8mwQniJZ215r5RMa6L4QBC/+QXUeWJlg1D4C7Uw7ScJ4okLr2X7zAQGMVyCi/erqQZ4EdKj3JwaP+Bl6mWCAlLaYXGv71cRhSjTnUTCJm4Tdj/uutbD4wYuEWettb+OBAf+TP/I0d1C8/Yojh/FWid9a7Lts7hQvIhxZbTPNYBSEyP8iPUJZ6BlpB0JOPKZdwWy0vF6cgCJHbCGBYwhBJt28DvhxaHTQM8uFwh4RQJufj9NwNsQSSr5Ss0TWuv51KgQ43IstKQmY5HlgNhw9dM0ZOvNnHmOxEPOmS/RrvK/whxNEra+1GTwIvPDK9VWJ1U9s8pg3un8II+LT37iC5e5ve9sYelybQ71uj63HiesQtWkfcyy307IPdab0pFhmJw2BeD5OCI0KkA67B23Lb3I5wQmX1oSYgFMurb8WTMi6c1bxlhfwdN6gM9rduGAfjKYtDCLShmJv5jjQc0lTxva8dmsz2tn4FHkz8homfWEs8YDr1XEzkeYGAvBUnQQ1dFBmEPlbvPe9XqKN8tlc/j5KNf1saoioWRTyUHepeYwyFmPcOXojDUZfABIbjIvtbvms2Jo1KNT+sIr7QhU4GFgCOH00jqK0vE5+SyBX4uKAJ3xnRHdlhg35dt9H7zqauQDmeZy+sSMl/sTHXgkj8GheE2Jl2qEbCZPwEFRjbYn8F6NriuTGSSayIW2ohxegVqGrZPq6R9tWHBV++VALh6ZK+PaPAbUr/Mp/7yDmUepKk2rrJ87spQ0ngYeWjsmXrd0LQy8iUb3Y9f6cOT5dHYvF+mKTr58XOH7Adc93wZJ10Lrl8x8rLMPfioVAndAvGIB8x3BDq0dvoc1pVPyFtq0FGEMCPyym9N5r1QvzQrzMEacrAT3UrQilH2dw5IC4Hk6k2KwkHQ6g544JPvrp+dY0t7vFv4syWXF1Tlw2kN5AfjHkpFRnvCiPDKXcwGu6HA8SuOHNJJ938EH+gcaFCYUgOSdDn2uuPPBYiLC+8KPw6EAKCJ1A4cugG15f8GcxQUYtuf2eu+yT8Dl4nuEKATSXTWDzmPGzjCG2bNU9SUDV5PNWfsGSX0UWhVg6tdgOimL+0oE+WPtrB1PbHls0Vtf3EK4yrVZ/e73/PUrMv9hfXUiTM1yJva+Kkp6XXqE2YQMFuZFTzAtKVEp4RM8hMSs8HFUVQ4VFnvTU9DpQo3Otr4cQ/4tJAfmT0/324JM4O7B5U8ItesqaNcuAKEyPkhu1woilH9f6oKDPMm1Rm62zbIz0iFjD/ZLggbYyjZVhV1hfAJ9NFzbAu7eInq2YfAA2FSRioQQsiqahUi6BOKjSz09di2osIn1M6ONppfNvHWAun8xQPWvZPiWqgfwCBG6h26h2DtB0wju6XqhwvElVSJKQXmAE1ARGIXcMmjn3w3ZB18X36RwO6MMpV7w4/gIzZWId/oWYnaw4iX55Wa5X39DBTRGsZvlLafPvtDV4BzybGwzN8vM8kfiw5WotD/3kvPXiZBtHHU+eHg4uD3TG2W71znKgdR9u4zZtzarDsTxgIn8v9XAWDuyxfec4bdJEx1Bxwg2Fr55v1Wgh4Azku8ZzhkgZkxB3IRkiK2Q6vZnCdQLk3jEHWQBM//AKtJtdIqxumf+LmGBpgH7Cqpd3+lzZF+Quy0Ne93WbFBx7W+oy/p4ZLxPsYE7j8A4aEAH+NQS/bakcbCtgsSdqBgkzepsSLL9ql0uuVzKrlcAR43Cnd8JeyhUQBeyrXJmzRNJJ8ECdcXfjd2KpWoO8jeqogboYMvLfyJ9y1Z3h1ch6JgG+/ufC7eLu9VzZ/cKO6A25JIx8Z9EZYLh137mu9ac66Zf0tozBgoU/9zN4ftwIdPnnT8Ydw+pu8mPexACLyI+9LNTTwSv6YN1jt6fmFhAjMnkgg67Y491vLKAf4FMru0VwyikkOLAkVH45/plXaHvmhH2RwLj5+aj7llYYFi0CbuJKxcSRT7rsVXSgUFDcfRVoHx9gpbmVPud/8nq5mcEe0mpFUlS0tXCQSQG1BR8dcW8bzVq/Pi3JYBvluJ6VPe1lKYI3XddIEXhnAN9xfDHcLZ1Rx6HApcAFfxN06jChr8MW//TPvGSHv0ZJCMJbeRfRDDggpWXfm+3WjkTg/iPs1y8fox08Tf0LYGgbv8ThXIIH9C75Ejt57Qh083dLz+h97knGb2DkcnG0npk0l7X0f8yfdx2YB0nTCXu7Y50B83WOdmvVGlnUvcY9+qowmT9q+MKTDqqVoAn5KruwNh8K24LZ02zI8Eijl2k1L1gusxSOLYDPCrtQfgSapIxSSqkLvGJIKFEjGrvUxj07uNzi3BAwbbYzDj5fNjFXnitpdKG23LB+GnmAIuHEW34oMfngtG3exT4KyV7mjNoRsXp5LjsulLXFUqGB0sirzNXnE32skPEU8eXz9Jq1LpcaD16V0zwWPoPQNmK6N6ukFOGLTQH5m++h+MGpwMvz+gEXZJOykAxezQqmAjJ7N3wAOpKl5LfSgGJwAQzBg9gmUXSEvybczEwgbBhJmpSCoiw5jZOPXW6XC0cBgfn6fRBDhcndcT5GKiUGqipASTKGfBShfmwoNJAOmLPsDlFuiKh4Z7sLDNL5j3MG5ykmJdfPql9IjNwMIC8ajz9Zyzoj+RtsEwaPKMHKDeVcoYf0Ff/H6CSnJAgfHX+J3rve8h05F1VGDxU0Zu4/dhYfcGjc/nNw19mf9FtBJ0dlrQrLXXhRRPBQb2LbbT7JvOgoZPKCRQHVxR3OQNTCKrt4ybSyMh0aEKeNNLLdcmAs8Tf8moHEq+ZAQnfkDmTAfweuUGRxWkvX/69yJZ1rgxwpr8Rgvml9jKoGzbnq6SR+CMMtOt7B3uH9o8Lj6B6Jogp21g2dd1Izn5PyRxtK/+tXi6zkbhRhDjlIPUM/3ah2PNcib8HD9K93h+dMWX6Do5qeN4eYmniiTyqwtqBOsNI1HM/asqLAvfo5NPixGMMy04dksWCr60a4Cmj/388SMHrT+cyi5LXzNtZQMEjILC3f6GHMHCJvXeHARha4WQ9URZUKXKKpSwDUTquelDh3HPRHwD1Q9BAEoJA2+Od7Ig+xjs/lDbgsxkYaYKRy+mS7oZyx9UFebiIJolCFYKKd405obTpBG0cvdcc94nCB3XGIN+brvPIJGAElh/gFKYs29eO2/4YEfjU60UxVKdKACrbnsG2DZhR1cqapmCAe9z3vJbMqC7TusyTos9DV9kZXMNbj0WghKkoVMJ/A6Br8r9rO1shXLUqJShcLLDzqdPcz34DWFdvayWquB23DdIG3wqDMgxz1f6TLFj29l2maDtKdtpq0tQOz/LCNvDzs+niRlHzw5cTvAwD3sk95hmEV/+8PbGQMwA+7xc6n6VuC5P6noT3RhqWrPF7ojQbo7ESKJoa9494b+Ta7k2KLO5R5eDl5vFgBuu2R6yFP9flzaPxYBKenJILSuNBUaOzH9+sQHtku2ZNBs/mnc5yuvEpsDSnExh4MmfpPAkYpvZaqmtNke1uHKAUrwIVcRPRxRcpEr+VoISncGVLp2dtfi4TaGptmgklt/xo3HxJbWwYctxIymMGUf7mblYW+Wu+1b76YRP6EKNkLj3XtS8q9f4i3fWuO+kWUlhLW3fIAn3C3CrwOMZkEnFnGBk8H0kCvQP1qL2b3UHBbxCmMYUaeB9vlOme4xfZ0PME0qqcuzZPmzfByxp4kENBGuj22mUDeEEtJyPK2CilyIscI71QFbsatfP+zXm8i7tqLUb1IeSBNkfrCSsvSDdlOYigfyXj7ZeFCVC5GWj4RM8vFpCDKVmtwKFmYuAMLKhga9priZ01+IqSMxLWhHYhq4SQGHL1Avfzicx6g/EZs4ojig5LKlgXOo5frGtcVGhFAIXpl9d0AtS52/HDDvebmmpgwtPEBWWHzdLYRrN/AU8oC0AMzqYcsv1rl1JDgb/dXuTLHK6JdVBcRi8Ut9UHV/7EoZ4mB7zv8bph6BxoVnmLeakmZNfs5Cz8uBbsg21QZ5nL0Kp7yIhsGtgIft2L6BJrJ0nHKmRAEiClKbOzdltIWQTHfEZ69AHem+hnzS5/pw2XaztVkpCmcL6YP8CKrgqtf9Vj6QgoWHv826j7oFV1EqYDvjrZmk5YCTjPy/OR3QPoXASbg/cOmWIRTJSkTSlgBIDrH3ROrkHFH7Dwv8uci0hj03EcDvIMhbgm06EQ1f8gccAft74kjkVcGRVYpWor12Aj/Bp4miNei/ysGpPSc7U2XVDuJrtm1aQQalaFyIcsrnY81CSiGUDpb1Ahc0hVnEngSO+ruFU0fAdX6j7xnxXwngTJSJxUgPmTIUTKIZtFvqGkQIEJT3uUp5bB3NkY6K8qR/h7U3s7NoQSvWXjGo+dam2elN2xoh4Cxox1eB69RfP3NmnevHGO9n8PIfeQpTBceS/3yhfaHI5/JkUWUUWdt6IXC77hoU0X2gi6hYdNj9b8OFuRd3dl9ebLdNqpnFBMpqaW07vL854PH+rgfA/AAiBfDLDmeK1zhF2XI1gKBPDd5f0NTHNBETh+V0jyQz4YvVFNSrsXVQUOlGi/aqLS4O5zML29K7C6qXpmuh4rQcPsE/J+HqZXoxqTQQEW8L2OX5uypC7VOLqK5P6v1NqyPCe/Rdtkl9K16dotx8cH4LEjwkEKjmrsxmlRywIn5lQrKSGSc8OgrqNzoZTrQHNAKKcD6+8ff1VRLr/x90zERCy3gpf96kxiKCsqZHhnQVMSJdB8abbvEhiN0K+C/JeS7uQAnOjWgh3QCIYAoonyMHwNjF/SWwTfSoACDIXZxJ8Lwt3dRsYacdHA8ES+4vg/c2FvtoJGmBMBRPt3PXqsmm3rJTxeeienFHe7My0js4sNE4qjD6g9h7EZDkctsvXRLI6woPL0X+RkZf4rEV0uWHfxW1aj6lmuTM374F77IQiNKXix8i3Db+omyM1lazHv5nPfQjb6P1PWRno2NAatOadNJAYD5FmE544rSjFNZypXgAohrh66y9hLxXVEHZ/Gq9osrEMHa8eZgUlCzdDnK6vHX33z6xg92Cu3oTIOoJNTgFZeuh/3C8Tu4ll48PruIMa+EKoIuD6elrR45tau/sJciAtTbYx4KYyYkyRgeIFfiZ2A8DUIaDW8w9/ZpAaN4clsh+FhlUNXv4fnBCD2CL9sEPid8KbVhUm47TFXzGvNz0AYNskKmm++rYw1JxDF3gsx6OKXZ3i9vfDaTeffD9YozUNP7gIM342HiWlFTJDadcBsDxpxZjT0gaDnWcj08OxJH7dlC9wDVlzcjBZpltK1jex0k4ZcjohDUFesmvh2V7ZhuDbgEORH6UAqeajv7JCpFUYa+Bh3mLf0wagtb66Ii6rWRCJHxnt/be3HPODkH99UU64rOWhMxvua/y1FwuBpKyna7TLA3IbwPp5i0U/faJ08AuT1Z+ak45Mw+pnxn9VsiMCMFKTXgUO1WPNtgMUUWGS8hozantDxhZJ8Zp0aVGn6ctVO3FqI1tUkOW6DnEhZlI1ZgBftDEMEZ+oz874pAtxrTWe35vZ+Nq8L7Va0GbfP/njCztH8+z/YQKiRn2ssY8A6C2hYpxG1pToebyK6r92dICKLBfO20OKEil+bJQLq6h2q/z194m/61gcHC8nz8Fr25dFWzVORPfoPkY+qeG6gr2T5UmOEMtaACr4vtMgHqfYam4WYtDd88XmtBnYrZWAQu0RABi+NCEefiuOSGZIdKqE1TqLV/goGqeQRnT0y+FtW4cczK+hQn/nPwWRYsPQPa4PHsqN1SnFeH0Q754fQT1BfDAP99lSqSZYSBIiikHegtobLPyZFVCb8DVHGry+NwDWb7h3gSSwkS4q90kQkOA1O14ENZzOcoxj9Z+pcf6xTsVeok+sNI/4ljbsoljtPSLhJpueQT2IfWxNr28iDro2W4xiCrM3flHFaA4q2J1x96/TFHJGrkxTq2QX71ynhtpmkLv32xlVYiS0hhc95vOKImLfn+qNiOoL1d0DotS7A6yOzt5H6qg5s2htoo1h3p2FTKvw9QqpxYxFfrAPpZ9qJFghHchiODSGrP0ybGitzVl9K2V8AHCvIXannJ2UTTiGh9sDBZmtsFK/A5HRJwAVUsyRgABzwp/DYJtrgMNcnEwL7a627cq5QNANBYqTSUoDdmf59pxOm14+hn/psz+Vm1edv0UEJYpmzwCW6vaMm27Jugbx3V16/bLequk0VWTCmPGKXRErLRC45VceYHOsZtfkfgJ9RSG6qH+K9a8egjVZ1hTqNltUfhZn1n6X788xfVhk2cMPcaU3K+njbtBTNVusedtRBR/Im5X1Nh2R1kZ2jhwOioKz3b5d4ZDU/H1DGkWU3+HWNsvOMPCPkp21ZyJl83XfNMyOaYFLrMkXodMPHpLYw4z963x2lo/bBvzwJI01+HEVeexlV5VXhOp+fUN+ZGSuaRxCg3W+wu032vglzCuLLjOPKrXWvKsjRzFStJxr20Czg1MoqKuwuXXlNPvdk/Ub7bOrhs3hsX92t7Ccc7H5cOD/hrskrDgQwJAFhPHSW5papnELJf/bwxzINFyAsVJ4zTn+uHu5AdoathRb50r3oM8KeOe18YeC7TL7jsqZa1sK2Cty29q1LTbn2nh+JKDURgwygM75MUZ6vSexZ65xToqckZCJYUoeWe9ksmg45NNwGPcbtuWm1VTbekg14vHuNKCb0KWfr0HK185vJXVnpWR38LYBJHNAtiGVCgqj9vap3AvvYyIulgSoGk8+Ph/pe78Chl2DvwwsphoXoYQUACT6cgCDaueFBgCVdx8wK1IkPb0IlZ8ASvISKlOv68AQAVCbClnnu+2BBbg0ebPBVn1PEMw/7vNIauSqHmviaJX3Euc3YPsSgKLp7KlgXbgpV+a7WAhEqlhitmjlMzkzDCkl1I+wwf4l4CDUJzK9AdNOZNDmk+41M6hrVe8E2HQx6ycSWb8TOILAvE/4IIKOyLECXcQ+T1BscUsLoluVUAoDbKrchKKoAMjhupsAkWOVq1Ck4yecfqxdVGJveSrujX2NomHpBb3+cXwxqufOZgdg0OM+LRCE+qC/4pLM5xOlozrvXrXFBsg3WQPfu1gIttBabnJ69J26bE/C+FMyJ7TJGUFkPrad1qZA+TjcyJw6kmrOQj6CXkuxnDis+OK+RE4/EBmcSpr3zPLs/Nb0ZLrqEUSzoalu0fJs6Iy8xHgh4L6ihZB9c2VHjZE5m7sF6OGcw18jQQ9AtcBucQl7OFkBhhMVtlmjfeJF7drWRH7qoMoK/4lSGdbTIIYqsfdow7N89yH2QGShTcZbTbFrSoXzjvWzOMz+axKb8cv4slbffhFtQAhQSWDIO5m2wapU22QNQqw3zKyuV2aI5Dv+nn+M6M1Q4jWMgDH94+QFQGsHXLU+L9KewUSxr9SyXDHAtycMGlnB4ganNjMPH1jZW8E7aAA0R4X70ZGWabjgpJZKwC/Q679Sssv8wHxvuMoaut0UNCxu0a+9rxGs2yVEmsEAaw7qoXEfN+2HV9CgMQqL5X8xGUjUhIx3N9A98tVTZdZpducwSUwC77RKjTmwpETU1Y+11ZN8F2I8tYg2Fgoqy4HJI9BUGMU92vRUdVaAifDY5Yt1nENRJV7hlralg9nqfBJLSEJ7EBxROiwZK9xeMEPAG8FuRlYKnGjbl8DEK7t86RvdAdxpEI305I5FPfAUaRnUPp6xBasTH1I4qIaM4B5mWQT38CGVcOeQRoSWrdhEEzWgmm0z9+WZv0gWBscdcRM60Km06rJzXL7mc8TLpPxAb9oRFw3hSf5CM6abN/4tdHriMZgFWunelAmqXuV0mEd8g/XhPdG2wnpgUba4pQ02dRjnDQH4ViRGeUWFY7NuBfvcPKUkfd8nR6b85LGONZ8PqQBLTBNFscoPq6MwWJMR4wOF47JlZb3laPatBFavvfrZ5JgabJrElOrq0SDgukH7ZXbC0TQ13d2gUc3ojfhxm2e4h9D2HIe/BAfN+3kZnYkBXCBMtBySYCRW3deSOqYMOArWWLO354aJlOunbA0VD45yQD/6de46nJ4hoVCPOnbrCD56C7I3LXfHgPYBUTg2IERLBqnNwFWfWMSgMQlbJYniMXz6b6NufNyRtJmvWosTvZMVsQrchPygmZG2PVIb4L/f3lO7re04d2f9TWamYeu1pgnpvtFj3ZHD4/Ik8PKLQlGYPQR3ntBivYC7syEqfQzJxD99jRLw+AHshv+UfAzRTFjfyOaG9B/j3GHXLqUktmTvR5Ax43Dq3WcjWuwRX0qfjn/LXld8UZP62U2yldFOCtvT8P9LlLrch74ilTR+lWz8uJ0+KoyqYFQrZxFGrmcJG7K3VeVehZNxX6wwnQyhwAUbppPBoXk1NY+2MBJJIk95xgIjwLhNN3tDj4ZF0Sju3zr588WxoB8ZIi8pVT5jMWYLrNLJdJHujxBO+ELYJIotJa/OS+Y8gZ1yIz8UE2BV5Ag2UufI6JGmOaN9/8Yh+9NGVFPOY1v2JhDviR8GIdzWOt4rWN1eIIPAf/qImDY2c1iXqyyFp9tDHc+evVz27D9QaUrx/Qj1IzOcm/zAhCf5KV9UeipcZRuNk44/Lv4JuawyAymwrSbjzeC8KdPw3Z8YjhZUTyVs4BfkUFKMm9ItmtOyoTx+eo3l3fRta1ZrvkpxZD3fd3bW2VJ+lJ0PEUYW0W78hlJuQBYxUiHpXDfcHFQhvrqkEV7fL/RbS4cTIWEe3UlfuZkB2Llxozu4WzA5AjEB34v/ZWAXeSFU3PP09O+hIY7BbBNvuek1/FgfThGOw5O5J9TpQVJFMxgo3mAcPFF8NO0MvXfAnkhUBeAzYO5HLgCal7i0oFg848crnHNWxt1pApVKBA8THdHQT0HS8bARNwuOJZhnn9PWxLU3xYWW3QK3iZfhxojrsNqWWLUgKi2/Fr2/NMMaPyOLlGSQL/u42jwhXGMJyUYNEtEhRciw6OMKWUkboVTsQW+H+nzRe3BQPgFc9scnhs3fdlW8c+WXnNK4zkIJkqII4US4aVG1Ir63Hn8AmbTzMBWM82AbrlPDb0Jeno1H5zdPnWToDajmAPdLWVx923cPfQ4PprZU8NqpBaNqqzhmsnptNZOEU62zkrF9Nvl3ECMcC85pX2PcfxZc/fCkwrH7nB0Qgm1nxyUErivvKkn2F3EbIfyX7qEAV8y3tYMGBYoHhMteDlfcE3XopjRM5Swv2iaiRPj/eNgNMxoSFaEU9gTvlZt70yxFV3VfJqwYu+Ktg7XPyQfzi/S52Wf7ywG5r5lsQdh8HxikuV+0lupOAjvgWGqbbwfOrVYdKu+PsU8bEIIqeR1XVQ5Eb2c/athk3hm97p9r08kJ5eklpJsPRA1v2TpAe7j4+OBgH3D9na34Icp0l1wn1iYXsxkPUIZqFov2Byv+ySfRb8pUUkbCSMQttTqmKoN6uebCiR70XyS1doFYQbJ74sVRGlay0lm9aYSE03kjAscb6S4YU3gHqnhtnHAXCnvIpp62KSIcxDCOYXsC5L9kiuNa7ixOAhi6rW4nLz5emFSvj1E2jG9i9agqa32wWrkRfdg4LDjMAzwRA0xUajOVI8ntkPSI71G4Hh+aAgY2fxyPUqU4sOL4XfvgrRConp9i3aXcjUVgcpACVfwVNUWtfD/4cAVzrSRDcioAgRmrzmcOaDqu7POFmfSEskDl+/6IsraQrg6lTfZQcfs/7ELwZUjA3fm+deAneU5PrYgUdcxRJag8u0BMIn5jKiww0LqwMH3NDCuu62G8nklLd1mbnhr+cr0sxl8u0PjS7YID0byQIyh9umcEFsgT2b+Y+cUP/ERTfv8nPJDJufFf5EwuPiBBZFiwJG4elGgpzKT453mb8ewQMMZw1GWmSYENfnL7p6qdGs3J0nNseQ4HQ9fqWecQuqafnlyMfGEMNhqAi475V0xQTf/kszBYrJi8RB6dvewQB6AGdfI6lT6P/3/KCQQspvmyguWkZIsWN2P/DMt29lzHpijhnerRaLAEtufKHVqPeIKqYf5I5ZqeuMCGsgemD3oMmJD3EOP5PtK20jc2j0pgQ8b7BgN26PcHY0NnUrpPo08h2Lum5iALtC4MtcO5JeOUhL06cIeRqLzNjbtYzT+AceQASep4xugzHpu4qg4TUoJMJJ/0+tBRXwPHeYl2foiqHj+XHRMYHTCku/zQzJlLdTgPKI1A9QqXy75F3ibkH+N8rX446wFNB8X3HAJNkdMY4yLiKeUyQcVJ479MxvupG0V3LTlAcZunLsbQc6vw0RGG8OJy6E1tx/RICJfmoLUf0YeRQIch4qGMpDnDIBFICyO7RzHm0Jk4YOt7IDLBrVoa4GzWrpOUWfAG3fG2VT+MGNteXfIk8ntINbaTGRE8ggc5YasgwKnfNbvoxD898QdTsiPyfZbRZ3UBl7wkMOXoDt+ceF8j0oinCIBbN3Nrlh6SOrDWMw6/AsDjiXFMOUVrlpGLBpezG+0s433A4jZXFAjAqujq77EOrTzBobQpBWyBDCHvvQkIefwjxbAfxnPFKZ07ooApPLS61ZLTwIsgXIV9QB2nUf1TmF2malJJGvItlFbbwO2g/Vk4vU4tyuYXphL0uG1vA+pZ+lDM0eD6kBXsBZuJpv/9u/2G+mw0esiCzQm8NDKKCNv8v886L76GyKeNzvYmcR+HiXNPQM6s8KO9A5trilJgxm6e4JDu2VEjfUROqEw+nZ0aQgvMuGX/RjotTbHM7nQMyIUYz/IKYKKYO8amSwEgCi/j+C4+MRTMYB6hDfMK1J2HBcaEsr7ypJ39S9/6AanVmlOnsAw1zZ9wIMf7pMww9UA1AkWoi0yawcYEU7MK1Gw8VUTeK3me1gYeUq6w5olKELHErEOxd8KIy6eLD2DnTEVqfenCdg8+H8+jSBUyIOhJnqEVgbApCIOZSpuLFvqwQiBvMMFx2PqRHMMhewXTGcGpnfx1XoFl1O3Qa4fkOqXhY3esLAtKax4qagbjZN3VcyC1IbcDzyiv5J55fa/eS91Pq2utrJTUTQJ0DtCIe7iWjbUD+7Bie9pYo7rvMdsjNlzIyKLfkcGIb91XPYlPjtc/j8pV2yjaFjGBOhAdPXG0waZZ1cFr54dnYFkjDis48ExYuTIi5pYkwOiZCkNZjNc/eKLFVpTq90Gl/1TFVncqWokA5/P1KeZIwqW/DAixmth4gAXc32w1wMRZkNiDD9B9mWFXIe7xcw4gtyK1aEDjmi+8ZUBaeoSg8d5fteZVNbk2099bGRpKSmTxM7sWIfV6ey4Ch5TFvq+dzld8oT2m45KL+d0mFz5m5KSTGcPyiliBTAMAZGMR/9rs8djiLFIhQKNTPWI3dk+030UKywr+kgxUhgrGgPuM09CJVq0cg0Stj64CTfxtfsaR04OA3QCnm4uNqA1tKHLs7ApRBDWMCUvJMZnCoLujtcutuNBYzDz0dX0nC54Z+ZejXLRO1Ho+aAF/SF4vpazE8xL91qJDqercLqhV5MLAr0o03d7LyKJpXrNJKT87svIryYbysrMBhsjpTuRe/N3IMN+2CqY073N+uOoHGsyOqOgg9U4prIq7IStc6sZqIPQ5+4tMSCa4xVRPRNUGOn01p+qV8qzrFmD4US/CGWEHqshZzCsJf4NvL/WSqoemKANahVKiCLtkTHr26OBHTFuLTSBb9CwDnxkqvIUGBt18nL7kcK9dQUNG0fthtikMlB0hrtTkpQkE6JBr6pVO0FmCaPLZgpbYz8O60mFAMNY/JCy2TsKKGNmdY3PSXA0ib46hTJIvLYlICVxtEGs3iiJ8HF+fmXf59h/BvXri6mKcT04fA7fma+uqlMBhxkYa3ljMicTfXzxI87kb64PL8JF/hefpRKMZGzpbFCB4pVCgot4GWjQ0/vfpn7+4DCqxOsjLeZ6Hwiobs+wKAcliA+khw5tcVxlK2uQacet7TtWUnvrgUWRuBSb6D+XFUK8du7PIwt0eZjxabcOGCVrTA6RS7I0M/fv9I1TEcMJb/1Mk6fePycSwQZ07xQlG7WM1TymxWlcomyqNe2NnsSVs5lbmMiABCYpTQ7JWXP5HHUU4fs7fuvDMIs1oSPy6Ia26v/rnoSDy979MVMmWkLabCFiynM6QrdpJNx0rfElUA6ShN4w7dRDgkTQnOru2aoKeXbIbR5MQNJqQKfJ68JEwky/jrE/KDH6KLdu0A+OWWeoeF/NNM9amSQo5qQQin24R0tRbgD5tFhN/WolFwemTv2BZxou/LD9iCBw+hsOkjepOAx3pfUq5RITCPygPykN3mQeZf4cJTrk2+1S+KgID0h3OBhALW/2eSIQTY9rf4xkNrjY3efuCBKkKGpqS1MHbUhzngj9eMGmY0kzGx3Yz4ty9a19SRHv0KTSN+r1URkwmkTw0bAHab8vwv55LFre3xO+gZPWU9hfEgJjzLv+b1N1J3fUA9Jfo24EMUAcqacd8AOir9rFpF2gBivU53vtqZSFq1r4nCELDaz7B6l5rLpJXrBQiN9zbPAtHY8s0wUMGN7EyxYvjDIX6ijEftKz0c6bJ01DgFKHeHzCjfh1G199U4qXv/CjkZ7RVqoTv7RmjwqaSd+PtCPk+1A6udzlfBeiuB5Y67f2DSiRtg0LC3XoZegEMz3/PHFVFHQAIzoLB5DlT9WU7UqOxMpPWsf8t28keYhR3ounwNCPZXtQLB7DUszt5WjVMJ7Z/GyqED3Y4riuanG351JXJc01vUoZW+oV65awXURWQTcYQNmsOc0syg8UO0FryW5CyHd3eobMeajoPhOJUo12LCgZ/J9PcqNtdhHVY1lcmAnR70uJw5q8Ad4F9PxMtXHh/PmH6v0zGC7rkSQbQLr4RZiLBnvSRFE6kry2HoywwJ+X+t6MUWiNbw9u71CycE+mLTtaIO+hnSCFRFW38HBO5Z2D5f/ex/5PWpN9+AjW8d8tCNfgLm/1Q9pHNNASGNeK2bSVNGLVuQ11UHILoetZPSUqsW4SG1C9ILHTBbp5jx8wLWN1Ngns6Td8D9v9/HBOK1+VZXmxbDL17ETBMAne3aAW+bHNOYn5ktIbP1e2SD7ikepJuQphmxUJ/t3e0JUn06DeDz6Xc4JROd9/oG812rxqRPf/WbnGCkf22dKEfdYoOmyiePC0lLW0CNAjm6s1HFhOjTqhhkDvyHqUvGwCZF3HX3yXzwAN4ZxE0RFW3DqqxJfxEVwyFV1xmOdG/tgro/+H3SB3yvdCPRN0rieA5k0ecdiyfi9ipwKaXUYHFjQ3BLGAeaB6qYnwXTGEOxuPx2X1qCO+39If+1ZPrW2mmcgu+9WORcizRm0DU8ljKYtK5u7VWWKP8iol41H/ptv+SCyyFMYBo1rATJdgRhxpxRse9mN5mzmHewN2ME5AWn5OlxJQl3WIK1M5UPMEM/egGJMnRNlEVDkBsA7jtS9GoSgvJoxjDo9PAjpDdQXC6PAHTZQOUX5IiVCxvhAdMq9Mq11E59pzmD8UIwNK7ZL7l5MxIotSCHDDL9RDdpTir4JyIAlQLsO2aOQ14w8lprGhllFvWSxlJIB+8wv5bJTBZh6oVrKEfSEmIVuGBJNI7umz2IxSILxMQIkYePWjswBVMLFdd146ehUiExtKHqazGwSTSdgstNfwh2LE8JuQZC/CQupfhN+mMxjDjFWUBJ0hfP8cogGQM3U0jwf0CkR6FYpedHzmwycA0hPCAo2PITI2vE6y39u5izcpfS5aSak/2nScuku/Q/vTuuNmaba52bARCv05WSZzzynlLm37n8kPIPGzORI9nlzrEfo8WDOd0wbG2y3ltO6NtNQEnZcH9ECeIiLBYXeAiV157CMaTdnHKAc7N2Eb4D9pAhKYXlGWZGNdUEilh7ZaA3jYMHdNRqDPuOLyFh41Wc9W6Y4KMNEZ1Ic9Zvme5HJpWit8ccaCadI2Y1nk1wrU2xnwTNsGj7/K4zI2CvxPK5rLME7/SyJ7cbYgB31W40nOQUvy0cSt3HnG+74epvyxRmFKbyLI/q5ojiW1h3HRQ987PknDHUoDrfVTcqJiROWdj72lPJqPXAyQoA8EMBbIH3b6jOkdGRT5krTyn562T3anJd/6ity4XYq6JidfjYJeFXGLUE+4mNF3O6/WH62i+QF9Iq9jT+o8RV9rvkgSM6vUTyqekPGi45S3aEuJ5wP1wendLU2dyuzAWnQPiFoZkE502z6TqO+z6rszkYy/TViOZiL03NkQRxqVmsYzSnBUD76zuudCc0ThcvkROXCEDNu/nxJTDwYWvovS8FZ44jMnWDtfmWYSLfSayzZvUd+oRrgLwr3aKFMt6WSDtJFlApakTZuz7znLYQPT70ve0/KCbiMrhC5o9vnqYgTBlrm8qWSjrc3hCKCkGoDF/XaKI6ekEQ0wJjVZ+n+GsBEQcEjEl89Q/Tr7Qd8MhFSseINcKaU9BFmMWOcA7S9zRmNs0uWjHv00QG4F12E/gRQO+2nsK04mA+/ccZDmclcY7D5wRzUtySDOdJxYJggn20fgUxc7uSvgAQkrS2P4p4ys+fpwrBCTvYnvNAT1FV7ezz8sytuydP4+5YdW066Wj2RtZodckGfHa0TZQ9XsSMqz3r0H+JuAPaVQqMfCl6RFWlT98eMXwFhSb6o9Wo1J/VpX+oMGIjGr2Z6ET+/1kQvuzo0TTr7ArtH7KH92fyJ63kp/zuHbqkttCV7McO/zgYJh3w6TTLAHmbGJ9nQpLv19PI2CRSsS4bMFKCDyiMIov7GR96II628VofMg1aAxJni3IH+Eh/dLMYfbAOAA10effaRH8rIYKmUPapCd8CaeZFw3T+JF0sKV6xpf41xXd2Y4Yqre0ksP+VxhLiTKZbUkPFrJl6RR3fXb6NO8DLr0EPrNBTK8K8x/2cz8K5sjPsFRdnu1biFcaxLGHPigr9ZA1tfGFz+1bqVAcb3Bdxh0lul9LpmR4pBwozhzY6kDJMZcinjKedKzE6PLbghm3kK77w4/PTEdKKn8n6BYpBVlge04M42yzQK1UMpi7lnO13IXqvFUTAMxrmiYiqZi/XSPiQmJ1lGAsRvgl/0qR9Iwakk4ecb5NdswIH4rcdkNM8xDlp7MwF2fCag11Dj4ZY9I5pKxKK/gnvX3VZywp0IwZVKCJiMrInj7vMU4QNWb7IHzpulNlbjXeKe4sGMcd8ZocjD5N91lSkAAp6mJ8aNtinmV361I2s4P+TkPUSZnGnAg1indHvCP+21zcThPadEIhpL88HUMaxFyFTxVPTkfYuW6nCMYhXjXMQkiOC+MzDNyjZzat9ANuLztFGumnx47KSJA1I4PgboMMF9Jm5+aQvdVNnLdi7IskAf0H7ljCaMqM6i30rGmO2tVyjbRlH70KzWqXS0o9bAsMfgs77qA2ekI33N3YbjBZgcQhfwqw21OwbRYUBJOaEONFtBiZp8No0DnCrQxcwtERtqoVaXHeaB8zwcxZZT7t/Dx4fyAPeogDrE+fm7q5r/y1Kp4JWlpceVdexal+wILAxuVABrSpkDUgFT3hObN1qQfBmuCZUkpxYDs26yjHuUFDH2SrFswH3Ukc1uUS2wr6MCTle6NIXpl3h4yDWMMEkZjPue5HeceiID/JwAUn4Z75rug6wpS4IVfFd2toLae8Tz+yxamKlN16aT8N3gqU1vC+oWnRys0A4LRvrD06+7io9adHLckexTwPlqHpP67njQrgRwBgYpbE30PT8G67I84rBu84IIZUpNXvem0a6DRMSGMBb6j4drzRPP9qoi5CxC0jbdBmn+KOBtj3UcDzVsUls5r04gyT3fjFjEmEvI7UseHivTbn+MOyUyshmgLGPVjzNksvqvAsjKfnAI7DLQpNzENtGVfltPPFyRmxA/HaR5nN4f2eQXUne25WownABJJ0tBQm9cy6t6pkiLBcBQXlxdg+dCpqCBWUsh/l30Lj9YIU7ieG3y6xcL+Jf+XkfE/EKV4R0NW3yft/1nHRucnSlifPusg58HgrgYHa4CZ4VOBVnp1QWNSQpWt1tB+dxG3hGyum477Hb/j+iy59a4he3G1rYGlfzBJEQIlaaDGj76g9vJeImXvt8uPJlrX5PR7glwcb1C77tP0cJ0FD9fdADLM4XONToq43njViJwzR1916RCsxqkHwgSGfjdS6VIENB5FiB5beoLqjZB58AJA+39B9tRx7nRt5hm3WveVwmwmlaQmodbmSRThDyjajSD+IIliH0D3lj3xerKRPfSWj/79+LC9Vb/504JFql2RFUsZr31owIwtqjxZCFhAJlRKk+btTZnVIDqW0fCqgrHAj/zg9D5uZul8gfMJWYbgGPoGt5dSXCN2MnloUmzTI2DIfophKpn0PyvXFV4k3zh9p3PaxnfWxAEJ47f8x3y5zAOwA+y4+byP5hmk5vi6oy8Bm46ff63PilSs7Fq3s3hjiHJ3TvQAxg811cEctUYrloMlLZoFFsLBWLkDbqKCGiw3Ubm7pHCaPvqRmhizhVn+Ww40rn4J44Y0VpZ5dBRDhwUhLw8pDFF9GEaIwRp7arqVdKq7MEbPkdAr9vKzeGeux+4om2Ep1Sn0zkYa9R8ti23a7VszSC4wWIz61xmN7JjImv+KLT8bZDKQKC52oIl0GoopraURpcpcmdhNwLi3dbxfOH9j3Z7CUSpMW6fCr2SSwewtc37FHpgf4++JVjiAc2IDaP7Bn0G5etC4JrnIJymeHw4E+w5Nh3oFnw8xZM0n3Go/JVotMbI8MgraIj7XnEz4fheHLtv9u6aW/xVtj19ICFk1UbysB8qV/pBqU0JFmTdibwzVWUQn0GBl0OVUXEwWghs15L9cafs3RlrRzrMUunc7WBipo+KkYTgHmHx8ZvtGyScbPDsLJNZldbC2qxSTMMGI3sJtStLoXP+IfxSa4XnzNHGS1AHFvt9uruCA7Umepo3PuHNRwWFpyNODPhhlwfASwr2BLnUnRkCygLyJiNy1hBl4g9RkNQ27deRNBMNNc77k0nWIvJow00IxxxDx30XSOPk0Q+oLcu8ZysHj4V+LLv6y2YRbtRzVYaz4xGHi2z70gQv9zoNXdkzejPGCLTaZ+qNCwwtB7ZA92wVuwqDtFWxjQiUlmXfLiXgQ2PGNefIqM5Fnp1cSoWkcJxqP6dN2esL7fMPZ2d6cZ7XAsyl0h5+IqxQVop+HWNZRZlplHjMvWthOO62MA7yFzMKBOqPULw9NUFI6O/yc7byFfe3DceTkRkf9x9J29XFx31+5heiIauFw0CySYSuWP9RthPdQ8ar33MOUSYXQbafmvjeEk5dIu1XrkL8KeUbIUNJ4MYbZptQdlVNgOmT0ng6GWDm0/HtTd4jEGE37ggKZxTVqRFBnm0mpSZdQWlgTYoaTo1Xwnt/XNqeXsZgQfkjetD2GKQd519P47uAKQDaDCgw4MtyEtNb/mUA7rWLskHpEcpKIB8aYC5whQ9eo2VpIR3wMbaW4scKY/+4H1l3qGxVhdgm6p/KOsAUBGKPB0JS+k9H3ELnYaI8MOav9oDDnEjFrCe2Q51W04u7CBG42wUPSUzFs3Nv0ggzQpXP2PRfBs+LVDB+bJBrLqyooyVDUXMYs27C+OlC+owtNrVcLSNobuk8cCPpHdHt9dcHLLKjIFakanUmCxFWy+YfBbFYKinw1BSXfvkGjwGj+XyVKe9lpeRtDvsk+6RlcF+25IuXva8w3d4tIy6epQ68nuZ8iB9nqdVwuLTQ2GXOgg1htCW3wv9sa8Ledv/ObioyB0KKXy+Kc9aaO8sKlXN9/NUqEdDWfwv4dkb5PsX4NMKMLUQcHmQup8RmyBTUXUGii8JO2jiQ2kSCD8GXvyvMPcI4dbFB8yOfrwNHRa5lhj8XaUnM47MZ5wmPCbTjyRI3ByJbrdGRjkbNq+a1TwpsFQmNFX1BWtsnP28k21bmE/kuJ/7ZzoXvfDQschejNyWgPkbTWp8O5guEAzvuhhpqSkZsT+6TT4b0K5LUWcSyIhJOrfhy2Rn/d/K8rww7/qd4552y9ssqDHTUWOzKdNFg0BwfqKBJOxcNEq0jyqJu0IJsZ6gsbIn1i0RPX0vM4lIwgh9wuu1JnmdKNEAZe0utbLzFJo4ZUplgYjDuSC5mKBSyYnbRRC0BTlojY0KnSb8DHDBIbVmI/oQnLTCLMGk6nQLPR4olzPr+BjcSlZ4j//7isU6nL5KT84FMSkicj/B+kt2jiJbWlHklp/Sj92st4ksVVCOg6+NUF0EV95G0W1zCFk/5lHUZN480nF3KqIm7lsdAKPzlrzHeyva/Fbslfgxci+U4cWgTdlB07Mr23BtIUrQP396mQDWbgvLSM2DbQwS0LPZZ9huC1CfqGJhovLTdKqN5z0sghdLFhdzD8H8WxScWe0ou+mkUImG42/J1O4ValgTaKdLFaFkPi8/9ZEVIb51Fqd2AE7exkEpiHpLPghybrccXEjuXb4A4DFHNeDi5cyKM6AFZWVBOPvD5BhBT87PEwv9qnCqCZhRXU1/LJX/K0xjSez6FPodzE0Q0ukJmJ/GrJgV4K2s51Qm8WpvIKLWAlu+gJ4Dql+jfqQ6MDe6CeBhHAeciQhIhtr+3SiZIiQv0q+h4oYsfs4dQaBO44DWqnun+FQKt182QOnsg0A1magn9h7721klF9WETbVi0cQ7mE7T+knWzPQnF18zz1ANp0Z0VMiW5mhO/pAfGaEzt15WV4xnFEdpuGyDg2rpoARe5hE7W5VpYpGwjdgQzGDVpsDKRyo2petSAfuuBIo5jQ/6HnAIeNnotHO/z0VOR6E98XsmXSD9nj/dtpU5FAKGtcsR/DP3V3KUjWr6Xu0lDuNYB239XUL3OSx62MW0qpVL95AbTGuL3d7dJ7Zu3OiYoOi2JwHO1Kir2rNNUZUS7qcDR1xF0n9rk8pBG5TdMhb9FSSmmFTXg3c6EiOfXBi31RXBoAe6g3Yxcjh0KtiuWaqqFM4MhXaZZNsYd2EQcMRUA7ir0szf1gkLqawFip/EvOKC0m27M0DdcIHmAwRiDAg6aA/Ie3SlWMJFPsyRW0egSq7xqFBJnuSmlrOOZza6wcQDKJNnhfS3MHJ1Y7Vbs8sarISJv4OpxFTSWjYLFl6zNtgGIMyOkplT2U4eUauVMlFRTkZWlA3S1oJQ93MtR8yeFSn/dMlAsnALy3vrJAKWS1JgDryAOgAhfTj7o7KSBU1nDIPJigOJA3xG0INV1N8s9JfNi7LH26jZYHqcIXvaIkn04CN5GuWO4Hqgla3XVSpagCNpgg5UpqUZOhsw9+w4Zvp+ibM9e32Josajar4yqOLncfy4VOnIqeNkDHQniemKLZYdQnf4UL11BYOl0K6NSsu6IaYdC1u2oDs9QcFjSyd1LzLQmEYty8egS+RgxiDVar+hFNnQIHJF/wbsNNL+chXb4T/ZuL+9Cdco4JNWNIoHRSSj8+cxv6VrOWayZHAXXJvvkjl773iOQDqo6BEHNm0gXR6O1LwUCs4gHk5O1x3urbS6DJBon3yKv1twVZ7TGEccMwDoJb9XLuYaW4M0gSOPkQXdq6upbd83Bs4hUiFtPSTyjqaAmu9jngNk9Wr/TIsjvvmr5CLNItHrk6uD6iBMWhwqOg0KLSlToB14/5BLRTeT5nM7kgG9w8fxIbH7ds6czOoMaci5A9EwhpjR3mNjunE4CMu591bApzYXVPNIZjKCQJ6YdClaFR7AQMFuamqk/J1TDRobUB+hNnLmbGcmXNJEcPfBARE/0IRgJRWZ5CWMExM9Dil9f6V3VJY26mHCxwQRvtjR7h7r7tF5OqP62DmuQoOwnZWOvYRG5UIMA+Z/TjFTS0nXac/tGXi9ByiJsGvu5VuE3VhT1QKqbAMEVjHlNvPK2ooe/3iH5NPS0/NKkI8DIq2D3PqLy5AvuVd/tjHRa+dO+lzRpzPQeXlMdZpPQxqafgM23w/EjaJNX1wpAUjr4t9fetwQqkZtJVCWerXEkSekYongLRPeUdsaexby6NE9R21StuJEx3h07ipTz8CVdWjNWjqkdvtYlfiIuptB0gVnbGJVaka1OCr8cA6y1MR7LQveH9dJAnuEjRJDDLnT6XlBvsxQ57Mxi+mm90J8TYECP7mWuBdBWDRnyFOneRfOrNU+zTa9u/xfzcWUt3vs6Hz6A58ioJZlF58a7YGvvtAdX+Ox7ryi7trm5PoFBf49sup/b2zaMPNbvJGFdoSOkiO4cpffquyToGYFbX+8X+MR7wn7hyHCns6jHRCU/VadDdD0viRA+eN5fXrE7+n9jTapig6hluTcohy9scVF4hNsCIPfP+P1fMGajGtMEqEE9dCEWGH5Chv643F4v4TJw0z9Xp5n5oL4WpzKcuHxOk86Dy1ZPIVlO3nkjg4xOo1j0u0Fe4foQXzdyMJIH4mbliMJjqk5UwsfGYEX71nG3bSPyxzosl5Z/9ljxYAgOZHV9itMBgvtHsgI58whZGE1actKpZ/iKGwSGJVqMIKB7CrORb0tcvURJxFeEq5kKjLeaWFWZRnThFv/u1b+RJIxnAJKWN+lt+c/ls85RvH1qQxO5GrVtBqXsRB31jrzMmb+n16sfnlUS16qgj98C0Sk+jJxscfFbOuJEVmA8gV2bF8o50872xPLOqB8gSaj/ZkJi2DAveWkvqbUGipIaGiva/o1L19Dz3pLfplpJ5FKgR4aOaX4zoeP3sTE2ua5HD0BaiF8/fgBX/846z+clceuPMObEgfSjea+SYaBhdN8eT9Pi1Zr/2wkixGoqkOuGWCb0BPPi2FXkZIAf12I6791iqA4WMyJd5Nux4Alv+iDP22vArvf8jyEnuqq4/RU72Cy8UTqMcjivRiVnS3p7eZvBivbqCwxUHPT7C1Bw3sb19hZZnrlwV+rQAQwe1rZ2IYMI4J2c+bKRvBMH5bIDk1uZwFfVzhGOuuqCwud8/pYsB/TL9FWqkUJTwQdt2XYiUDBTvqupEynrWaxcPRFe0Hz2EUfc7gPfPDxDF+45eQC5rMN33/W6A0SOzPzwZ/ON1hUTb5mlaiVoGqQrsIsBgSA0B6rFQsKcO+17LKO4etZ5yPbpadU/dGHnVQ+WSw1P1gZSKIejesltrD6hImfLixRkg1g3UenfyXlqhBKY6r/LdqBWwEVYzUUf/CZtN6J/e6Niwr7+sTG8AhpHOnqD2sjyt7yNTV4MrsR4c+A9z6U4ZHmrVTnvyaw8X4mVZVwvFUvshxGJKC4Ub/criln16PPWglJKxZ8ewQyM0G4tQoX6W1RlyT4nGKq5bLn5QLT6QIfNDLzgDc0fTJYYc55hPGgDLBcjgHkaZ5SC4BWuAGOW5ESIQr4NgLX0of4dAt/0iFYJth6gkoEy7jkB2GCDL3k7xjBGuffhakYqV+KQHMSjj+2jMl2l5/WqKC0hZzCJQEyeIcq/80Cei1dVjyOnGfFJZANgeOJ9KxBwWurYp8ga6ga74iUtu1uD364pWYKCpAzbGYSl1aGqYt/FganFH1RDEWiWZfUddpbAEeQBrexkn4Dt0br+9n/6xfHAsWA7DS9NyQSq48caaoh7QMbeJXxQ6k9atp/Bme14iaPITE/N0lpzTKMtt3Np18ZgL38qsNOsOAI20cUj0+M9LHgMHowMsO9TD7ouWTI5CG5TqKLMTKG0KVs6QL0D8PsF/ZnpdT8l4OSvreZLdR+svbKHJ8IVYbAg59mPumbLZH9i0omHwT/0sgIhsNPurav2of+ntAhurtmY73OtoSs4B3L38pUn2tOJOBkWq69AAVx81x1zL1i0O7IrJay9GT9AdR0u3encpunJ0Nd4Nf6deiu0zTUn+MKqG9qUbtRZUbdHDyLrhRK5v9lSRkARltKgw0yqvxDaYOK/ltknlVT5ZyFWvdw3ebiaTgiBNF5+mlr6RW35i/+0uF80OiNgkeDOiqoltZtUM6RmIFuSZJw44RdpVBnK72tir7/dJr7HVGDHQ6pSRngl1lZbL+K5wXs9ZiEY6IDbp2OhPaAIC8bpwPJU4FFtHv7WX8HrgdqQb62QOzxSUeQri9qG0zzRWrhyon19y8Of2No7bBYcn1JLYLf6CSM1B6uy22b0z5j2vGgtWEMFXSzQFUaV05fcNjU8pwMsGxEBY6Ex2NJq50B+7GTi3ERwgOOR6yz/KnXmqeFHJ2815OvBajLimuOf4rtzRGDE5xE6nM46XFWF8KjvU5CUTp5DVN0x+IYXJWBQ81n6unmLAyz24U0W39lzuqkUWj5rZqd7120NMgPWP8q7jFF3Zd8A6SMa4VuE3XM2cuYG5lB6GB4dmfH7EXyH1DflUroZJxmHsARj9XR3lsUCcKKbvC4KYLpocV4+mAmfQlFhOmOEQJItcVTQob0WYYWsz/0/Qm+2K5KrPujOMEyWEdiu/OWIcNr0QKkPYgbHw+N1wst7w4naLb/rMqD+ggPqTUex5CEgFM35YH5tGiBl4Y1ILO/PiwfQBTeLEmWBxdYFdOK//BZT43UH/yuRk8+t0m+AEPaQxOYTkBvdNMjba0VgOSWNjE4E2h4DIpgQDWT5c2vKwjuEH30geeNsDikQbKwhWUeuwhp2RSH/gHIjBT7r9zOC7QIqRNML9l6TWrg47uzsKN6+0acU0Q9EU5wgdQNe32TJJJEwdNXWL2jU5oGANkyDHg0xFvglqvNX6DbUIx+7rfc9X5IxVnFXnDASF03U9K2lYV9GzsmNRExDAe6IqIRGEcRhIKbC1bfdXXpFrhSFLRB/K042b+E8I6MFV3xrpYEdGoGs5d5leAmsrhm43EFrAtMPqPfn57PtauEapugtBtsFaMOqoM6B5HRYrKkWoyOL6Un3CGrt8mTC60zmVLmyb6V/a65VVRkdS56QRNhpGaZ9tEH/c6NmMZ7faTIP8HdbSi+HTMul+605S5eQCUcTMj+uRwgXEoCCE212CC5JPkbGg+XMNsmNis/TVzwA8cl49ZyKIItHfmzgqsqTFo5anPv61fuLVMXa0I9fC2zr0kjIodlUr4e1VwDjyyK+5Na8qpu7opZjKhxAVGzGU+82ooObAgfSoTEcirW1X4oDe8N3sSWHJciRtUd0p1MvgJW3YOPVFr5U04pHFkOuorQw48cnlU6Xp+LbJYwhRUiUSka/pKCZkDK21zFwsC98wtmt4veEISzrjNi8Ew4oVp9p5Ly2Tw5OVBNT2uu0E4RvE6e+yy6eI0MRfgav/XfxUsAYmY9K4LCxDOM0uJJPWbVSwvdtFySQglLuVg0IHGgkbQP5mKhb5OMxtJIN9e1utystCDQaeYT2hjTmKsYIZoAl+oHuOElktI1cKU3rdLJClntjww/+AW6hbjiNeS/M4QIKxZiFRiDtJMomgDzeXVTGh77HTiBxkHr1+RddfrkKQ85bXfB5ZS7fn/GNFQhN5znQ0pXcFOsxXq4bQlxX22+gdcpP6Ab+mXSc97hiBW4PgNc5XO12xusTnLd8we3sMrTB8y2bpvI1GGXxZwMfjqI3z/6GIFIapeU6QIsn87JbtyMvN4SIABzg6rTdbYJymxmgqr6uejroP8TT8TWvjAXrGSZ7XMwOxKz51atTP27c/5G1UAtsgoKVzALoLnXaQ3kC8WFNkDNPBFWsOzjKQ6xdcftjmld3Iib/q76bfSrl36n4s1JxWkSErrf3eZd0/sdjr3m5gryUCO5tShvC2wTcfEQ97aqtEOR2/9zcbXUp5gWHrPEHxXRGvjkd4P1c3JFePkz9oPEVJvSnFbY0YBvZWNqryFmYxrrwxp0yPCBQ7Og1QYtiDD0DLW/zoh6hr3iA7oQyi4uPLZnIpDdKqJogr+DjZTg0Sy9GP6RBO+on5jGDi/yA/NTYKgmfwDzw3QjNbTjwwysBNLkUqkwVSTJLhQMbofzIgOOQWFxWfvB2Rp9Pz3L4ygMQG+xL4goBQcTAbda1z4Y9vIvDFDyNzt4PD/EH3fqrqRA+/jE+vl9UF9FsZYFhzX4IJa6VHpuNGGGJ6EG4NkSzUo84vSfd9ix8u5G4SC+VMUbufmGVEG5+4fKETiR+2JFAdGoSKVm+KzJ1DRDM+LdECoGBKMnOxI58Dd1o0TeKw/69Rd0fCfbb5YJFa43IFB5P2lBee0hoYLeXNiXUUvORvwsWatXVAX2lB4kMQSyD/4bFn71H40UnNNGi98VeYKNZ3imgFVzxYT5yV0Ri+KGXRBhm9NIkK1xkiGTc466nRxxQnP16LHytANsK3ty7NKYeP9PRvSg71yr+y0lJsDFs1HyCzFGFcP9kS0maQxL3jeDBWN5egk9xJ06T9ClF2rPMFAuMIHbRW5qeZUCWSwqu5q5mddLgatYf6Uc690J0qE7xVABk2STzQmQB1x3cod9hihoZTNXAgFN32NLHSHWt73P9mQtSypdWguMflrFHVqMitAIUfLx3Me3uZCsZ0DdmlqZzZOi9wnay2dr44kH2wg6XwhYoGloAZ6JHceeyaUJI5PsICX0r+1Ca015prPj5Gi+DoVoi0fv2rVKUPNxhmC7BCCr6u0wbAztDFgZYTiWVoGSJick3CMojg2TnD8YpvL4uB0M/KLzFtroswdVgH17VhXpU3fQeQQnktj4jFkBGg70YK9YLgz99xWEE77BopOwN/499RMA4G0K0RFoi3KJZo5ySvJD/nlzQSP27UNPm3eR3//RIgm/py0oToUTckC63/NLt+ev4WJWfK+6X9PMBwyTzagY9r278zU4alFepRMvR/fZ1pfM4xn7xGL7SN31Bpd0vTWe2ay9AXRZzGSU/CKdCjXCxoj7WtP1JSuag5AUMWp4sW9Csw6/pdxKxbAbCgnq2gZO3ggiLulenPp9nlNHQW6zmYnnQeQ1K/jGtmdNvetD8QB3nDXxknW/GXk00sFg1DnWOYb31QYceXGuMc/jgNxc3lxmZK0iS+0QGBrt9NsTI4JODTn+HXnN9zwuJN9CkF3/hUusoVD79kTevqoCFmlozZuAYu8jFA6RorkJAX1eWxg6v0q26yqFTxXflJPf4ct4utZrkIn4/4s+icRVPMq98EX3eydUiwUo1wZmQsbrA6pCS/y9OCvTnyUocgWKek7wabBAPa1P5mfVStXeDULhqIyrV74tJ7TLsFxJUDzLdgn/3+c0I+Ng8aYbsgxx7LZqmi1/hhKft/l7twalD2kQ6Y/Ftz6Es8xBaw3POvKVgGli8U0oIz6mo/pX8qhNnke8tZV8PhySGcJK3Ng7UMJV8nQo54HQECW+NfqYk46dr2uR2/CFmnD9qLL2MoC8Ioo0701XoDguVcLfVE61dp9KR2ONK37oQQWj3WtivbGsimdsOwmgY3TQkyqAUfqt1iZdHTX3BM7xAl32M71piYUpTpQUb5ntPto9ydNqAngDQJhevI3o6v7MmvLUgn04UGX8W+qq2nTPTO/64vUfptyOzuDRVTWTSJE69WcaIiBFeoMQf9t9TYwC0lOQEqW8OZp3vkhHdjCh2+/GPZx4AE3Z+1o3tml/pRQNFSg1ud4Y2gdyohX/+/9u0r5FikuGEgP521sY7k7p6yNGKLYI50dduJaQK9ivcLry96ue95Kl6uTAZkH+Ze/RtJngKzVahGFjaQWsyW4FhxTBGbE2dei2adAofLsixYYsWqU9B2e6yIxNS/se6GzGEQFmw54pgWSgrCcIK+azNPLQrxw+nWtGJB4Ed99sByNK3Znzfib1CJvwbMpaWK2GKA9chZQzPMyDcaJMkOFg+wPIQ5jLHw8W0TFA+k3XipmEr2Y4JSuPnx0yK88CD2c2gtXEgVY3Q26LKJhXUyqJtr1k3Yamix7uN/ga1otuKbTqdlbPOjte/4pGA2daWNeoKS88/6fiLjg+CG2WFZssDRHGbeEPqJrwcnpcBkrDl0VABsKAAdX1fb6ZqxizhgQrTWWeiZcP65w2s4Yg+5l56SA6I1TuCnwhkiH/oDOT6D0J1n06S6WzJn5J9kDfG+udhrcZYnjNbTdS2hiDwP62QhjTf7sjJDLvJnUnONC/qVUy20gg1Bxzj6aGz38BHm0evu3WWjwSp8RjxN5bgZdD06atHwRzEac/2qnds+CR91nnrAQ1n5ySNLpuUZKT+R1XVLoGjzxNq33GZGHReidPVtL/tNqJdyfkRA2Fjx5YE+K4jOvAIsfEfFFbXPz6sEryT9RuDwfZVr5KpkxAICm4mEYoizOhmL/xSIT6dUOs7CiOcqNORwNUqPG24EBCv3Hf58KrOrPNp4UBY+dyGz5iMYxM7T8ySJWappIfBNtpiqs3ZW7xQIri/jHp3IHBl3cK0mRHrtqH/hcSm1kY2qGbyDGbCj+mAsYHFdPxlLupoOslsONIwx/YVmOpGsyeLRoSLA8pkrtztiUZE9vBR1Gef6T/JR1BxejtE6u3cGA5qMyBNkthKYMiBO3vEnJ2h/myvBlITWRjN/1nLKzLmGYIvBN0H2mzlrXNaFakMvIVrVdLQ0xkpmAfXmYZiATxUZ3goZ7I6AKXaTZE1P3RjoT5QYIJbWV4aZ6HLefOzHpFVtfHLAF0ImjH45F9sJtZ/OQaH+/dhrn1xS0vOuQ7os43GolXbIN/Z/VQCbShT0AR8CijO0ciLLRn7r42dOyKxOneYvfnHvqL4Oo4xZBXRXUo5j44Kv9rAXE3KR9nFCPCg9r9aRhOpRGvSXEtSzMLL2LB4bviF9Hj0nFcu+WQm/Z0WvkiXGUWTCUnMKZzzTQlbK73uDxLmh6dTFLD//v/SnNwo3GSvM3jUGceYIdOIzPn4WQV4nz/oj8aFBQHYdZ0KEFBCyviqJSXfWAjbHcCTgbHxahtUVDlkLPWb4QxSibVHRcDXTOW1nLcJG81YyiErXN5xl57Ouw/oxRWopTiU+jyiKsx0jSkeZ+OAeLC/PdYcjbMQXzNiRCcFxXgp3ffJ40k/r7pl0rejatnhBCCnPWEWIes6DNZ3LobaA9/8UK3WxRP7oMp5+m16TAbqNf+8aI04spGgozl8dZ8BzSVr458cNJ89XarglQA11TfG5O/e1TmijypIYUFCQJEWZkECtEPR6Mvc6PI8jPStuT8wsff2vQFgFC6S32rTFqB3L9ukbwdB7LGvC9XzzeNgb+QeyouJ6a9gmzqWz4gB2D5FbfUMBWCq2uBb8Fb0qYswLKiGk36jCDrKspEa3IhfGYPbv+fYr6iTgkD0f009JFFHXHxUdLbMPcKCDVD7L7XxF1Sn5wPqT/6ZvEmKN1nL2O1nnqkoRGoqF65ZAgJXJPoims7AkNu7za3rTLb9/HbK3xzzbNsIpI+6TndtsI1ZsFFBr78EkrIBTRHGU5VwhO+/nikgGBZY4hpBq9Av16PXwAQw9RmNb3bW9RaBifTi7cbdR0nxZMcKybpEcxwJGXYYaR7zOhwFOHDh/fUtexCM1Z0jfCMJ2TOKElGOb8GaLovw7T3fIfMEK9E0joDSXEh4IaZa5Q2giec0gKaOu5wO5lVeo+tIqVzKaYOwUIJhmoKUynFhlQDyNDIDQPuo7oPPMPtllX7jAH3Vtlm5HvZoNWynGugANic9v7N0bCr7np9n+FkXZEbt0uFrIe19v9sX/57H73Q/B3k1wTHO9ztDrNw2q9py2GhBQOKWc1rls8QVT6aRykge511LC2Ti1z0DJ1gtMc5rZ8agyb4XWis4TQ4Ty+wC7TnjuNSrd9C/YRgspQ53NzeD1KblDskTkZ6ZXuMRa2t7TI+AFSrfc9OnNVy5JlvTQLq9Cg1ykCxeBnOS4ja2PQqRZ8WxuMGseeit68tP4wtk2wePvNKvFEkWfYPQVuNS0xJUxdG+Gv1UZCToivzvClHWJidRt/1b8VXnZ3AQFQrTMfFIT2CxcjhH6+MsWyodb/FbRp9bKmxNIavYppBfV3IhJLUhFHA53FiBeCKpr8o8feoNDQGRHSzSS3q2rqdB500SadfvlgapZhjP+dZJGsUOPc5ZCPHl4Y0rSr5m/5QEeDgz/mS1ZjOiNZfum2eHmT9qn0fsx00pzk3nxpDP9ods7ZiHkeBltVC8HDE/j14zhME9W2QFzsc9k+EsA8bXZy1bbW2rKuxhCAP6/0q7udNhO0Mm+Np9sWt0HeQkMs0ZwUTiU0yOm8Lq00Fp8CcgPghA0vQER9Hi5G6L++m9FPUHHzvqE8JONMmAOBwsemwZSU2b2vlvGHI8Jijz6WMjkOCws62bEBHI34rNouP11kh1FnnNbTIrq96uoRDKaPaWrHsgqr0W5hmPcoIGdWQy5J35jzqbmfkP9j2VgJ1aQUkAa70REWQPmD5QAUod7WimdiLMU53dIWEee8q3gdACo0+dd3GAOlDeNyv1z1qvsuz9cc0ne6zGUKsQXKx5z5B/7vtmk4k1GQaff5fMKQwfaSbT4v9RTH1npFtjj35aYUzcymbNMNKYaiNzzBcM0cXAhQSdLeyBztyJYSNOrGpXI/oeVtK/WLytkvI1gIlPMTSWBttuT+hyrHytWPuq4JlmIR7hB2++vwqzrH+rJxutVnmCGTpjVD05GSff153p1LwIJG2+bTtXQkEUoWhiVI/6fW6vzCtt7+L0mX2J+J+c19AzT/+dVyjIzThfa0Nle2zZ/aQ+99Dhlae9tAcRuo/Jh4sggysZouB0Pz9IdTQtiq0T7HLGgOUUrBm8ArojW1GyD5ZT4cq6EuNv+RD2Wswtps07MPz+BfZ9hgvLj17nFydpF0uGFjKjlCQXppMRrXJY9M/RGFbY1ZrVZP6Ju5QHVBzDY0ScEmG25DlOfxBdMZMTR0689UE1ZrkgbpNeg4SngFVVwt7YiWmc7N/AcJoz0w3q9KDEdQHVmZhO3dVnfouu/v6Ou0KMtn0OQ45+aQFfOAogvkkqA9/zGyL2/MWHsav291pQKy0Mfo+vhYWlSC6Du97VfODuwfZbQEwqjByStkLVsyd4jFlfe9nZyNT7GL0XIi0c/WT8qHz5lDV41kzqj7r6BMPbD3qGjVYEgshMqPYydWT9rek99MeR0EvzmE/kG3ioAVDl+gE7f2jm13tTCXD+8GmOSg3FO2xL+Vo5KfbMuBmeZrbpEzM2JajTG9Mw3DrPEEMZBM+lqDIyxFGg/SBI8RnY0RecdcQ0DRLb/pINMm4fmttP2MF6J6DN3efKaS0mJVH44YrO49TifI7rK77xiFEtUnscl7NBuY+0cNh3DVDR/o8pWTEppbKFoCd3ms/WtOsmTzrHvtG4bqNmQV/K/PPh6unmFOKLKSNH23q3pMRqgd6ePADEtXPAOdUOhjWjCVfjYgVOrmm1d7xjIc4KZma2RGJtJ1AtQhdobIRcPv3unFiXZk+E92wL+kqIZdCStQOV6Wt3ulj/eL4eLQtTnXbeMJdHkVMRDzRrNu4XMmnLIMAt1Jw22rZjS4DSBEUIwNzHDYOgvSRdGT426zlnI2fEmuHl/NBdxTSVRQoI2Bp9iEUN2WB4ZyQglChC/AEaiZCgCDTTHYT7jwQ3e9XUm/NsINAyhL93vLe+cK2JycCQ1j9HixWxCz6dPlX9/V1nEq7Sp526zbXXpxc8mRyldqEdwx3idJa58C2cgj8qhlyZo0kU6AdzyVJpO2CclQwT7ffVVc84PBGdLpK8Mldll7+dWgh8MXns9RxBU1TkdVpuO/DrnfM9tPqPlf+Sc8iWWpIMr2ljS577159IBIGA4Zyj7ZdxoB8MHenvPPfyVtRQUmewZfd3p7lbBXZXX9WD3S3MRv7GrMBeuiW2gJjxr13g8Dj/7LIz42VVfVTX2QMs0Mecwl4f65wvGTkV7DoshIwbdWLAUkvUtTkS9zKuXLuynuojdOKdXLjg8eIoI8HKojwkW13XaSYGZ83KcI7xLlEJoBVVdkLiGL7vpga9+WocuP8qHKwJzL89qp2Uin9/Z1TMOynVDvsC54dINRB6WCSaPvxnB3meu5fSIUv+w1JhaMD64+p2Qqa27H6XZoD/G3yHvcY7eaz+qmuZ4YESLhA+dXepUnYxKT9ciaqn0Rhw6PgQcCjSI98WgLdOeczSnkBM8q4K6MsaHTxjfRBIrssknSgeh5roJFMLi81SKZNerid2M4fIM1ocj1cYBbqwV/fwaHv4uS25L/kqvGgPIBiL25kmmw0XvGwyN4nGmPsoXt61K6UEZVCD30lpVsxpmDdDXmVBmG4Qq4cNIGyiyCZIucq1GTEnkVoWCH8lPoVktdFtq2aMBj3jTSsvHO8ONMbLhVYzuoT3smQsHLdddCeew/xEPs96pcZkSZEfd0/ZG+L3Lj7wpKXxEXSoul4tTjQojswZWC7hDtaBIjUBi5iZC66e/VHlG0siESWan/8ZdzmrldUsTsakGVngcqje8wxq0zb/cbSlBvZMF3dnU2aRo6+Gehe5MS5He5be8TYhGDEBbaFRl4cE8SihxLSizKYd4enc5o2+WXqrHVCjkAIjnAdtXCg8hoWAnyACI4MleBjnslOE/bY/3OslGxomGeB9pfx4upK4vJmyuPif/2wCaB2cuyNM/68D9GFLR4nuphpxxf+qv89GQ4ZXdZKkzd/HVDgfykY4kEL829QSJHM6JUeU5UcSxpvcJVXP/hcDiZLsN657rAV5IrgWYIDRVmQUE53WlJZ+PHNLjZkKvRLuYphkqNXLo6qEMiNQhFLI0kLk8CI27UmD9GXfq2sMOUTyDSfr6E+/Sn/hiEaQaC3c/nC6Qtj6TSjbASYXdA7+LUZ7CuXaO+vU/cefr9fq7AKV/MB/ojW2nGvCni/eoIzCRMgZjSwgZTq0C+LmhfvBY8jVMO1N3bc/A6wDvks9Zzyzz0F6+SuXF0zl8VioFCODHyHOTjzIEaw+HzlufqC2oNo7L72obV+bTKe4F+xXk8a7ZYwxCSZ5u93wWPaVWk4KoAapMaD1wGzGTTUvZzJVo3uMY6p791v6S4mDiky4iQQHQq9LESEQLJksEYYmGtCiCFUJTXBjHdD8W/uxauCF9cygtl2mH2Hjb0VYYWFZU41U0bLh0FTuxO9FJoQB2jVMBFxGPxoMRsiuO9+mzq56vOk22sLpSfMpze4fe/IS4vw5Z6K3IEh/yI8os69/unFU+eyCX6ZHpv9wOWTNk+2ZE9d2+lVZpKkNG0NsoGtaW4hymZ/dc/HyVvbaDQhIZ86pHdBsbEORXsO4/Prso577M2L5WnR+vL6Qh6ta/2X9tb3rzC3Fjt85hgZu7hC+VbIAnirmOPmPuyGcz33li3RlmFC8VsaXrAYcQsCCeo3HT4zdXO4JkJkkV9Lyyf9sWC5Tuo03R2zJOH8ECyy/KIpXYtcd/VRuBOsz/sBCLv4ZONYfBxD9tbVATjOmIHETM93xH+Ym0k7VkDTrb0aheJ6jWYsqoWCKQzGlu6lV9GQBJkAZGoQsIMkBCz4pHLuUohOz/ZD/uCd8WaI2ZXEwjqGRWME7vhV0lcnd45lLJBD9M0oLq7/LIfShF2txGO13R4EYWAos/xMi840OiA6gYGdZzCKlmpls2qE6MdxeWRVw8qBi4PsanORjYzh3/JyKBAfZEw0KXwkolx5g5z1bQ2WeSBZ4eYNYkxdtbe6VZAScRZsNq+vxPJ8BDgUVBdAQZNfLBrOoqPhTSfUNjPqU2xsOkR8Q9N4pPg2rAxSugzfskBb6VtTtK5kWXqHw3Dt/2/VSlAlDJPuVkyUWEGwdTivTDMduKSFaIFuz70Mo3z9SUMVfrhm8CrwSOx/WPJEr/xQYhAUVGf/Vm4YMiWm/IuUKCFAcE99+Y5Tc7LwN6dl2MjBokvnaQYESXvsnayXbRuX/Elq5s6C/6izL8TVb1iTecKunRSTnhZbT6lev9uthfU4bQDZsureOm4mcuRRDt70YenLEr+8TgRhV565HnsmtBGAosBoIv3OKzBAQ9N9Jgt+4u/RnlDr/rNwiaGz70p7q2SCfJuYJ7kztwti0aSpra4W/lv1IhwZ9jF9hAxKeOU3G+HPj1F6ONxt4sr2BmrdKvYcIxkL++Uv96bC/OgslOQ1GpM1xfk1joV67JtgorRZ9nVUTuUnilLZTs0tcHuTmSzLY/HqiCIrgktfJPHkVNpzp4T5PjGEYMvS9QCvYulXJsV377k40MFpS7jsloy7mV9V37CUB0kz3ZsHha2ojvQgtss6h5jfErXGo6kNlyb87r934CVp9dhZ9BunyVnD17Msp3VhUKl+MN7N0o+5hXMJEPT7HVVrxy6Cx+n2oUWbMWta+rCS+7bXEOHD/0huKvJWLT1qBz2KPKVBod/D8iemoY7H7hUtlK2rN+M97CQPsxC0g9Jx63jdmc70nD0BEjuHx0bskGh2WcttCTCvHKpVUThwiKRkyCCa0cM6j7OkiMOzV1T4/KSE+ojHm9QUkOHgbXQvbnd4h4fL0KvOdIp/4NoM/X+sMTE4z6Nku4Mumd+Krm02llr9NBumjt7xFukGOcwDJpYA0vHfToAa92V7c1ZOv2RHaL9IeLnayIWQvO0TOhh0GUexb8PmQxKmgo+HOLNGN7wsFA3YWZm/rU5H3L7z9ADoElNXXBiUhoRf/BvMJNStzZM3RmhWR99veGlouKzDXMKGpXqoaj7JOX6wDXV7eJrpXkOQ0jvksPzHPpKXZ01kLoLvbYcsNn1NGpu7Z8C6G3OcbYrAU4INwN+kWv9aJNh1D+84e4w7lqfMFZPdbodvj0ytP7JVGm4BnHgsu1jLekwbtj4mHdhZu42Axtq8SlUCTI5N9rHBby6gyvY+EYEssvt6PszOed88eYYpjdr2tZ9FdgYbC/uM1OOGRLvtagQJz3Nl2jZVhPW5pZu3kQ+0pmwlIojyz+RLIGeL2wsOniQ0d9DBeXiYGIOOLP0jjBhwMJ3gu1DJQiK4D/JtHKQ2eTcH8rq3KQ4pD7+XSXKitCD2+esW1eb0Bf/moGaL0YJc020qsa5Yow575BL8epl871WwF/ijLqkLfxIzJmCovlghhEZ/E0qeeFQ0tq/P+J7VnS7lIo20XLazK62kEvcbkJT8XtYh39EMk2yL5TOtDnERjOytnffV459HbnEF6nRs2s4ud8xsWmfSxYdflJ7pPICFPAK5MzMTdrTyppQaUjYsg92Ps4E74IfDXD0wzexstcuYzgxHD84YPOsTT1OzOWph4L41SlBkRSa6et8WVPDbupvHjIgefinwi4avaY+zpxS0dLEP0i7RJilYt2glpndQ43yJmWmr52Y7CQ406Ruu7IxUBD0s/hdqtb4+ueLJ3FtjofHTXRcLJt3bspFDpqxl2kOdlsI7uGNfkHnaZI/cajL3stkS6Kh8lSPZZvCecN8H/II9rdf6fo08IMrithNlyyGOgo6ZRqpS4Lh/OCzuQnj/w+DaikOA+vPGQNPVT5cQnCko46EF6P0Ox0HxnESDDmRqWFFtdcukrSnERonYJr/I7wouahkByGRjCXjtku4DPwAm9WzAAvUpWEhLVgOPFi8d96O33Vc32opamrNkNzvuTqMwMSVqTsOosGxVwuuTI3sAC411M6ukGdobm3Vypa65eXL9Gt53nPcBVnTn4Y2taI47CoRbQiAH/N7TY1MLVvG6SZxIz13kOG+NJGKkSKU5PjySpmdmSNG+8ksTkrHdMaGk9IpRLh/thTrqkgr5RwlRXFVESafWk1454R3XHFdKJrXMqImtYAbPvUG8C2axcUvouovuSpP97Kq5ZVXIWNDCg7IFp/N0gXKZnKdUz76V4Yt79wlP7JZrreSF/UFg7h8siASzj6D069oBBRZxN3pQPdXFHL5XCcdQjI4teQ72kMFnj3m0uEAmGEnqPJu+e0qJC8we7VeE5NFd8biUZu06jv9FdFLQw6PcLPhxGLLCnQH9Ia6O7CEchMeEBRnMJEQF/Chw9kz/0q1uuC0eDpHBJj+Nnf22lJyeCkoTwUYUYfLByQYxfCx4M5/DHYJWPtrGPV8VB8EoR7XgxzKjElayELSUSGgnbHxNdFeg5uSTfDQVDWVSGzSNXFozKyDd/vatCkz0w5076FJLE6TLNtBiA/P/Fir4qafu1Tchb3hT+EGt1gqRn/CnpDZXARfgk11XC8dXKKjSJOHus9WfwXlIvnTGAnSqrpy4DP14nC5pJFfvHnXZtlAT+8cI2WjQB9WVY9AcxJOFCWnBkgNGGSOLz8rdy6br0UEyhkzDBtWUh5nW6ml2bHOCdtiC7IKa+WPzIcMZuHC6GvOBJ8/Edt4hoXf20NpaLI4nk9O5x7AxDFiP0ZPkVI16Af2ifZI1YwSNIEERZxFQYA/wqRqFSxrBwnpGOBra6mJRMMEgcQai3ymodgcd6F9z70yF8UBHG/ksOHKTOal0hUbDJu3L+8FzDZZGEoa/Y2PH9FL4Pq9eMxXbeSUG2bPfr7JCWvPpM9Hesmgx4tDTQkdbJgbfxVxM19F8+Z+u2dGCEcA7nobVN+n+s00799RC1OsuJmphAPL80MXTnT0UHaSweAqwGGJfo/T59C/JpQ848FXjI9fU99iwn72LVI8NRKSNl8I1P/YcypzoGm2cDyCD3HJD5kz3Ga+yW8X0z/lY7I1DPwKVidIIoMTEYQzsDn59rM2RNvYTtSoXFWyqyONOpbxPLfkcOvwdt6OCZpBmNawrhv5syTPnvRltCRq+ngCdf9NWa2GTLQV3CGuuYkVoJhotle4y7uoOmfNExOrqFuwp2XeDNE12FuekP6a1seEzSyXSNyDffsyWoUfwNBs9H33xggvIp7nAZ9+3z4QeRraK/cKxAnFcwC/F4B+WsAVkUfGACo83CIErbAXqlyj0tudEvWeVuD+wZrmskrh5pELptIOv9oSDbVTGMWClSijsto2xREXqMsL6URjb9FtCvieFUidJLh41QfdqXeESxkob46xxKj2U1WTwGbKZGufaX9kuef20U1tIivOrEJ/0SFqsC2PG1QdpazL3UJyrMeBu2/uZJ0T8UhN7gBVw5/4ZRii3edLUc3HMrNNAvA2vpC1guxKYXdSosG4GVgE5c5erPaj17BbqOhOwYctCieD+/DweLIDj6oS2iXzJbcW2m2fCKXTNUrcr3mK10X8l+Kw7ECZXKYc56LvjHc+yxOiuOzzcokIJ6fvGN1hBwxFfgYw1Q9FS0D9xCpW5Ug20oERdHpEdlzEbhFvQDpk6IApusKfEqHp/F/hcnF6/iAlO8NXcEyxKnlu6SeL5bhhoNAEF1R+kNp9EpgnUHLmc+KrmkIVZVSzPH8h9IhjU7bDXHYiwBvbYunBG3Wyk7ZSoHfRdhj1QGKuBrU+liYuG+t4K7XeTguqlRoF9x0GawR+CRR5x70BjOMihG7lNYq2D8vSKJ9S0Ho0dXXsQ2bD6JECHC9DXr/zLMSIvR7FmEFMEyje/DrUTpGcc7R9Semzq7/E+5iglT9bPij+24+QO+F+LxvY3IOyQH2lFGfTABF2t5EtYsoOvRmAj+6A4ZTnA+rO2o5FVsz7FvGTOJ7hb8eGw7wrwD1DlcsIo9KVqH4W6bkSyT6N3td4JFGkztOUAQTae+8H1ViKFAsVzKq0xm1RaReMnioZYQmbUsK5jeTqGny9LbMKVdnEY1FK8erdNHTEbQP22I+6U7Ww94KL929JZ5o5KgNwOSTilqQS92mEZq4FC6Sf4i0IcOafM4GRdK97wAFdbCoCLeBLg4pE1iI+W9BwoOGxNfcvDdygRf3FfjV9qEd0g7vFOSsquApXUXNukkFgpXD6vkFa/YBpQ4wNaLvjFooh3E6FLPmBHSHQFW2oFIoXSex2Lm4x6Fu4FKGM71H9aY2t1uwHRYK8dsUk4hpOp21+/uI3VMGco225p06mhzvotjjLmmd1HNawm6qGZmIjlnBPdsFMoLJWyBVM3HxNPYICVBP53Uy9esrSgU3nsXoRCx/N00koZZONVvzbYSaML/hMzN7Nkqk8FOWUQP/k4AF+Ib7jat5peSYWEPtkK+HU+3guceVuX4JZKBlnTSqTr6QP1caDQHIXPCXBld6w68s38hww44iCDhlKby+Cfw8u0UgDFI+1zG6L7WLaJi8IGmkjTmfRnAsCBw+cTpyBqZvnalgfkszk4zw8MUE0CWRon/0mHFF2x6Dq33R1qURQwRjOdUbtcqq7+Youg+6oatjqiLmoMR1r1o3+ixXg46hdnsjWRo0qwMdzG29HXOKGV8V+AjS17rGHTZLYIRE3rOyshl+UiSctJd1c3rUcqoUuayaS5DpFmldhHhIpB8LzqehiOvmDeIYEFCtKYkSSwYpSizv/5Gqp4KFBaMSIfgH8lWNilESnvdc/OMM1AlnAEIBt3VKGK9OTTXPFztOSbRtcs7vV9cKCw1OFfTtzwo5gzhMLK9hSsxGkmgANj5IDsJuwgdkCbZQE1srjweq7Zp5zhFIeN8UANXJ1PAmnhk7CqnhY0y3W7YmtbZKkm4kz3O+yIp8n9hwaBlHqLI0YX/HdqidUWTUmJ1ixfuTahrX1VU5r4dqTeV4p5KG10SCqkSk1USoOcZktVgy8JZ82mnn4G5gVWFudRGWzkyFqwndbBe3aXkBDxGmIGMxESrboNKugwf1CF55yl/940LMWWwglGJEdqpry9wDH6667iMOIC6Co0ngUKBTbIrTHM3Ngsf2BQ0O7nr23/ecghtThwg+vHhHLZeWVJe3THexdbuvWs7tFry4Bn0KB52LF6k39/0xwIb/D49C6CW/ZxfMM4tBlzTk/r81V6FSoTQ5oByMVrB1lUsDujfmtjdSgb9AePc6HiVPZANTNcziKKNCdM4wZL2DOo0LGOrTr6qmj6wX0KANkqbf86tr3XYujmFlchfuo3gamPT+9AZGqY/V6Z15FxmCXb/qU0m+Kl4jpjftw2lwm8iimRy9gIrCjqOPaxeImDULbsr0ZYe1VuqnT7b8oDAss71qnrkrAS9FKTj9/Q2JbBy5hUlExOubpYJY/F87ngK3BAeSZz/G3Zkav5IZq8aLkYkWqN0XBml8GyzhjCj3ZswDnuMyYifAXKfrZjgRU44q68c6HIVaIGXPXMdDqxxSF1J+N3rSpIkDsBOnBXJ1UjvaLKDk2e1NyixBmx6PWdIhI/KoW+Z1hE+IHUQxbAcwrkRCJe3OHvGHeNYe53jPk0AdVdw9seZ6r1DRVWXyK4allcSUHZX5ugPQPTvqDzD9kXHBDLOS1dm7/ZSYg8yRGmTOHUqFSNZQipGMrwoyXlZ7Bxx1WKbrEP3LUjSu+J8JnBLDoORmSKYTHTNdr7vHcjI8Ge1NII2JhLxU9ojC49O5IzcOe+qUEcZId43sNXp91ZiKJ8X7+Y9evANFIaLb3+FHEBWhPdcg8rJWdBgly8jp77W5Xmju3fRRkHcecvZumqtJi/01R+9xaMElmngnnCE+JyU60hljyIaIARY76oPhsmuEQRwXl0cKEm1X+UjDQe2jkmQ/aN/DB0UzTIzXQenP1Wp6FxH8UJDYhnKMY0Bf2TXe8kuk6KoYtKf2NNzdmHsphYKC52Ab185U7NDgibBaAJTP9TMkVSWOuXN8rY0WZFMBiZTypKq+SC+9X6e3ajkjcHvdOANGDcTLY1SPia9jbCKFIzSqfpDi/Czl86wVuN1F986pP3LVxR2pc/6eNgsIHzl70u0SE74EfvLe8TYUvbPBwK49djqJKzJ4Iz+i/fR1hZ3uSRAazZlIQ+oKIbJtwrQ+oD5RdS6i7N8A5NNcMrCPHoZ/sXMC4Aa6duHmQuVLOkHNsSSiYuPMgjhXTjI3lyjEJMpLwCkOU2fMa4WMFMqvTek1HYOsrYlna3UAUywXpGmLOK7ZVYHUjSZir8sFb7YmNX50T2oNfMspY84lxIz7cZMQUR6pbjFBll50Tz1eSfytlThB4rrqADABPu+hYMpEAABDXY5TIDefFwS/rl+aTGL0STm1YPtzx20DnE4qMT+Kv3mGnRgor+XDDYwkVq5EpnZmrv55O5bAO8YYBlvIEpCB//pU35COdlrgLPl/EMdVtSSFzm5S+ZUEcu6toKFpWWlcAcG41P6BtwriMhUMuhnmQQJrCh7jm7ubCyO6FJU08RNr9TN1enQqRRYboZFaBWDv98Cdl5U155gWHNpFmL9xpIuWctJ0oDjNRRtNwxQWprBlRS9fS0jrnbm58moM8S2GeOqwl4Xd3S9gc3AeANrRX+od9wUvTU71L28Wbd0jfmIWszB7meG3uQdQBTXPdr+gmmoKt6b2P0XnfEszOE2odG3n05zclEYnAEVNHIZhunaqE8P90wrQLi8WTvtEl10OrUVXYTTEQc4Y7TsDzktJYVJqS7iiGs2ELDBE0szv7SMCMSjQRy6KU1svr8/oU3yoCpvsINmuVVYznZSQDvslvwNhvTkb7VbFos0f9lNNtYq6inkJY0Q8eJcdw/xaBxvvpnZPihMJte0pNFLCjpY0CpZ9pS8CxgohL1fC2JzqnabMeSgsr9JTJmBZ9Cc04XJPudp5MFYqA4YCKVCtXudmj2spufp00dRWAVX9MbNS/gaNhlrKufMU17iS4rm/uI7xwXxPza7x7TKAOwOoMfQnBWJ9C3ojGsO3iQtNlvOslveydWx7xRJbztnTtjXvg4JyJgjUvXgst26xK0YRzXuikDNVX4af5/fd9gwv1B0HKT9qyt5kszSBxdM1ImncR4ceyjm6Th1jtal3Rec/FUkcRjCg6EFc4ue7grNqWc2aL2n/PzMzr9byGmgRmlZ1mWjwn3nB3h1SeOlHCQwTZhUBjoUkgmWsfjizFZeBMSJiHapszp6uxA5y92TqKrbUxDD0y9Y8s/5Kc3U8WO2+WTu13GmBB0Ync/Nl1sHDLyGWdkQx3bDYvtVtgTMlId0O/W9u84giD5nWS//19EdlWqQ2LoyA38a5h9S3aPv//HbTzgfCTjvyPVazvvMnf9tSguOHsTRxlfU88yvCcHNhCY3JERL53Q7ja/CfRNwEiEWLBF14suHLkxw3QHXihxkqznCK29bsFqnnNzxVkPtP7i24rqji1sOgjn1UO25IRuYxEoBlhFoMkgGZJvbUjVefuhiRYC9tgHCa7TH0bcwhJ/i+tX3/LQrrtYoLSWl9N+29jndPSjVnJXcaRetTYQsBJh0QoyHiGHTXtwIrRydAEK1kFHq/5jHrjc99dMMZvckBUE6ubPUoVffTIyJ8uoOwQ9gPOtAitU6ZMD9E8QMhE756tKl1VFk/6Dqkowq4UpOrOcj2shUdfUj1Q2nH1+d7VC5UoOYEzNDHD2y7mJBTR2AmUbxqQHBAOf8yJAnlLEKbIuNccJqIUMhe1wRgkueX38h/Fg6LP/NXJc/1PN8hYDGRQ/lltSVbk3rAVkaYp4Q23SwcPYeqhwM68aESghMqcUIz2+nY1X/4MAYk+lxUZRZ1NYBclTFgyFNn+WJIgG3/gYrYxGTi5CA/YZQPAu5GQHmyRKmNGTRQp1Tyw5cJ/RRzSp8KCW/px5T7ARMRTl5xukN1cxMkJMAtkKb4D5oYRE/EFpKWn64FAFlCJT4sjVnkKBhXQx6SL3KwlNd2IYLU+aaUijsAM5i3a/SDsgyiXMYlxBjkhVLKEeqjToXsJnt6cZX1WL0GgGhlx/EUk4EDcJwefRKUniZe55RX5q3+qlYzDUA7+/62Y5p/QUgc+j1/E4j1TV37YNonKkf9Az0Dj1oRO+3q8t0h4LwIuuX+ZUdN74uaRS0SpuUiIa7BfFLyBJnRdTIma10QIkNjrtVaTz08wpZPXiX72P0xd+2b58b5nOhyOu21iessKHUmDDUCrpVqFveHA3qbbrPfjaWcFLxQnUKtYiCg7NvPK0StbUzSjPph+0f+FZe8mnpbNGV0z9r70eyt7U6Aac8HqEY63nKiGkjXL1/Ji5WzQsMJkoInF1verpMfz2fG+459YQyqF7Bwo7gd/Nta3IHNjZMz3PugzcaM9+YdMRGG4qbfkLAAmylLXvmMup84oILoybMReyx8r0gz11L2bBDseTGVh0aTrGqdNvxXit+sjURnJKOceteMtkJi/tGZGjWCCQzTKxOuJxMkOrABZ6CciyyvDJ17/Aha3Rk3GtlHdfZcDryvgfNQJzyjkXyqP/4sWc84qjvzfN8t53RqCaXOo8cJvpJkQQ+o9VYzigpCjXbzIM85EIl0nx3A3AaI+wUUI5+6GBv8I83A19ERV96jZW2oraB+1xbga85fgomn7F+6E6AXKYOe4sBEPEtR55XF1XmH3hTA+e4TGNonOlRqBbKskjm31BnkpctdgjbbFaNbFX8i3MscTvUHL51K8UKPIYrJJ60bTjLdLCwzPqZU0gITzLcnC2C4sRGge5/QtifyPxDIfMUsbWJFV40DyA8TVxmvnU3cN9l/f10oHFUIBcjZHmQnLKxvz7idC+7MhN6PZOcPYZW6+LAVU6DsCZI3u9o9LA59odtvHd6tDiQ/tjk3SoHOnO/9fcBIS5enJXDAW0c9FMo1ltWkcoNV89vqB8XTxp6FWO5enKXSnMmdR26X1xCv9+o+kT1IPQTVClu+0pJNtL7fQxrKzKw/WFIEmMEr0S9NLAVpRj4ltiU/X/eyNU6JD/Qs/0cYJiLozNgE8e0OLAc+gXJA981ucNxK+8PgMnttOql/dMOikG1SZYBENHhjYgDp8K5oZtv/+sNuU+aoy+TC4vmqfV4zjxTrrbQbJ/VQXHhpjdrjgko3e5z2GjvuK4akwPmuNiiLj5xy+WDu89w/sRYvvKpsP5JKzfvfUCoY0SpbGvrxbJUE4HDWV6YOrNd8p0EXBNlTyNzhxN5nQrXanCETBJgkSab1Zn1NlRg890XCmYKWZ/tA/S0wxTHZVz2e+TasxVmtExKV2WSrj0SdAiD7yz99aw0z36Fvmx0MTpSy9wAeEBTcMBqHgwW55IwZJsdfpC3K9vBKMY0pIXfsJZl6bPa+lAGdNpLDdOLFrF3m26jXJ7Dr5LGNK/GpikbHv3NtLbK8ghjpVhkCUODr86Xesv2cvsFQPnc9+lamdQsQH9cRTbopybeAruo6u2NZ7+zgF4h/nv9cUmGxkmDVNEgd5kSxPB6O/zKjlc8u+/82pXLfXIzQlO4HnGyM8v4XBPN14GKI0yPxzb7P2KWhVXu1a/SYd48Is0r7JssSck6PPic9jXVuRNdOViloWmHjSunqFA7lHjWW2j2JR32yRjNRDO+N4O4QGjpggEi8HM22CRqEeUnaCKcSxpzGMmqSer8ZOjtpVWS4Y6jKG6Dh/KmOI95HSuECocGMFGUPcyBzgwfThzLptlsu3Yfpo/4p3YjgV6WO/s3YAiEph3EGGbi02FW7/Fj4+VMzJE8wBxpSutXSEiAoRO3uhttXRskyCVWTwgwXzfZxgwYw8WHKSIYOxrC4FKIdy5JJvhO0RltJ5dE0uKaDzH5zs5xJqlkyjtszHawN+nP9FmcMYvyWIXodYivfLuEqPzC0EPJROMRNnABzVzvB4c8hc5yssdhEeYPeioamM29JZfhr1vpoTjf2HJhhP49pJ1i3N/U0oa7DT1btPyJviHarum2jlHF50Fqob/IYcxm7fhsDWXhVp2balxSHE4XrDXKpDM/0ZwxlrOu5DKjvFmH2OlfANIHJln1YMyRp+vS8S1Px2+czOy+JB5kM2YjzIWUEjVOAVf4GXirKN+4hhhbmSZxZyw+7Ve5opuxfCRl8jz50PMdcHaRWVvcsFsuFwaSrta8fU1AdH0H9GvZwAXyS/1VSlg2PWBfjFPzs49RcBKjscFPNxbYOqQEmTApezgyO830+MMGkISFRV+qSKa/a+AenjLumnSB3wWggOtBcHfEdotJCu6hl+9TqIELQ02VYRnltTwqxnOMvLKB/dO5+ERG/ciDjzK/CfE31Ebo41c9b5sRbIM++kxB88i2WnU4CNLULYU2REpSRH6eG3rTgwTzito1hrQAdAzEKaKSbM8xIpVwtwjR5PyJ4Rb6DcpyBCYW9vXwizh5f/aUh9a+mhG8xljPaFRcAaU9YKeGnl9HlbktYegUHMDfgf5xeZCMuCh72HHCC2hFyeMSuaOuO4WpSWZ9CxqT4+5R64V8uAQPY1kp3nCVvxfBA8awn1GI5SGKu1xe7MiR95FNciOps9xnHyNqlq8kYfHBpRRwXEycAgu6SlZrP/MDZwshVCtR799LZ5ELae3QU1NXENx6mPwWHYFPY4j6zs1SsOjQ/zKiOVrWF+iR+Ni9Y1wTzcNBvDWgnFwa5Hbr1B+vFhqCuTvuqBlRX4wgHPBv6IdEa+uyT1h5eBWNbhhROxv2XXwo5UGyT8NGlRs/F8P3x7LVglwtMOC4KR/43iLzpKrQLyfHG1leWNUVaaWNlSQ0IqcUkvuRpq9GNTxMBBkjcXqq7Vul/ccd4s4XTgjAq6bOnAo2iw+L6Ak5UZPbCQN48XC/GvEsfsCLe4eP6Gc1AiMOgo79deXQppMvkW64YEsDr87xemIuxcx0KlW9CoTrjJxxxW2+zJLdhxsdfo/tHIzQOW60hlD/cf7/AmIciI9vRUn+tH0BZfhJmj4vW7I18t03sIK3eQp6ht/2oLshoy7PBhmZvCLx7M9AnfepNduUXVg+2TMIBiSKrwXBAzxz7JCs1N9XhQAdoAKCL1kiC3yFrMzrgYq7/d3OkDDQMQpiFKcwhQEHKsM3aEa69ZXCLx3a4LA+h7VSWpfIp9opO5ShjCXH22PMjubwYQcbW9WSHLyXvfGE8PL9CX0qTwDNVfWxE/bjPAIOfNweW6I98KaDZspAVdn+z9l0TfhLkCPhsCUDfFYIi+dImsthx+RiqJKOYqeNKddKrzzzoak4DVYTsMLY91POmDTcrE6g/TvaiAag69QSYd7sR4iO6qkt7FzT+p0tDQW3TrlKSHDtiec2mxcjur83l3SJmfGqoJ7QT6kIihvcqfxTG/c/F4mx9vlJ57IYtHxX1cWhgnNDz7XK7Vf2ZQKm9jVQvJ+NLvGI6NuENKTwdaL5ZyDH5MouGMvt/d8UeoHQBBJYSAI0jU7Ly0mHdEqhE5QlcfZ8J/S28RPZK4biGrvIq2pwSJnhnawKzZnet5z8ZVvFukCnFO3XvW0zlR+narAHxXrO5V+PZ5RQuEB4j8E3CuUODvPDQgzYRXjlDRo7xTlo3CteuBLP/EFk40m/8kOV4COttVOXKafn3zy8W/iG27DraiBeMCv3b4D0afbQ3KWsDM984Zv15EJkdU+2Z3jww6F4r2GKt1ZsXwZ6izH5sKo/H3VfnZBkLsS8/sLx2uQDxbl6NIw1nUmhrL5ULLX2FCDbWgPnD304evqPcKWbk3MoJzdenEpmXHlc9kJxvvZJsvyxzfxF0mlTXZi76d6AMcQWQkQw70ZO8hJXy1md/06Uqp2y27oZhSKzkDD/ZpVA9jKbvnguVSKLKhyULhUrgHAixogq81LdsexnBhxiIzu+YMxfnlS75FC61HxgkP3B17J0+WBpAS0g402QphsRaqjaj7wauHfYTy0Y6F3KrdwnvN74uiwTcZpWU7m/kbi+ksAqi6qGbQblDE+yXSjsvEWepLtbIlVKIrECSAPQMRKrPnMDsyKnv3/0nkDiaN/q/P4mxnR1h0TEGHVJa638SeHpMNYv8LqU0cGq1V0PoVIaKrh1KvyBhWaYQm+l31ERH6zMU7CYzVsPe7hq+Y5ieHIKzmJTvdzCUp8Jq9rqlfc0r9/JAhkrJ9ABKmNtCiZZl47E3QbYHBd4A35+wP2LbGTZzngs7R44gghCemGaHx1YgfqaZXOvk5X2MlmCfUxq7jQJiCPXaDsHV8mH7P78ZzVMybeixEwx5lTJHkFuO2Jjv6a9tY7QAejoH0bqYnXlH5Wxsvk83Qi0jDuMtnbaytk5uy5OHZHYswmaJgpC9k3iuz/mEW92GSVl+Z60kivdAEnzCvxkWSG41M3IjwiR+2YuamZ6I5Mroj6X3ONhiR3mgtQqe4FiFkAdl6D8boISMi1SvToRAwtl3hZqkWZjGJhm9u54My4DYt5YM97GvT57t4nM7EzB4lIs9ULYbnyXY8C7pin07DIgf7CjP+vloA7DzeTtlh4MYeTmg/ePgBbeEQeaB7tHeyQxWjtf0WPYIYrxmOXpRU75fhOBNwoRwV8wXhdhOvCfqKenJY+tF7aClkFzqdUStM0Z2e0p+hFv7+MfkOZArB86yiHqeMBl+icU4eLoOoL+VgUsuUIsl91PVQDoDe11cr8LxKZqt727uIG8BTKGYZ9sBxQe0HMn1ea0hlG+lUPM87Qxkaik8CPKl7CpighhC39Jm+OamhMzkca+l76op7gIFq7q5+IuPap57yyg4XuA7S9UCTFs9uDvbAbmEXp/dOQICAKtzVd5XkSYMba+Bxg2Uk5caAb0snVbhp2VUuDaCkOehj2Py+9jrgPwcme27rS22djqAmpwIOsfJfJk3ioVzggxIq63gnqrS+GeZNvEw2RINMR13FlHU+yUYLLk8iuDillwVnTu+VjMcwBEKsKkBli9ytdUhVVueyOATUmbEEX+6NG10T8alr43vEOzi4mm9Cj5wlX+f/6In7xVIbCyMpt1g8ug9FAdk8M6/iO7MqqoUYHJc+gkqFpADvVQj29nqbgWwBcaf2YPmRia78NnLz2UvMpglNs2J+pPcuVpLv8HqbfN7wQCnfELeb+GbA6Y8SiSqOFRd5SqeutVEN5i2KDn27fuX2svPf6RCc4DazwGrevUkS2YJ2L06RodrtI5f5Zlvrk9CSfVKRIS4dkebPjrsL8XDj4xxsZ5S+GChvfoGfYT/ZVzrF4KWcvK20YrMKwbQ5YWyP8PaMusAnUpuXlKkX1/cVVAgFOFRov8ZQDSnQyLNTN+lMLE97LQhEysw+6En2PMEz2PqTgpKVzmZQUvf9W0Xb0zN4KkBeRMMlfaKydWAsRMfqSxpgMM9MtW15gYRWb5OXh7mHEsZzcoJJfEf40VgaxUroeLMEhGU2GC2GsNLKtlmWFzOu6dWp6VMXYA+jfG5gHFOX8VOiIDdLQNQo+jPORFJX8GJpAW4rV1yOnUPLpthsBm3nepjNm6nEavVU2NOQp6s2cQ455wmL1ZxqMVOTXLen5ACvZK8yD5kWODEXVuFzT4a6Nq6KIthxilAL1y6XmhlGJ+fwCdILYef/oLomkb7W7dhJiqoqeMQL4k2+5f42BUxMVpPyGaXQVC3o5HikjDJpyq396biYakq6CCyp9M6RvM0CCEMXJkaxrMqccrxqpK4kPvMXCVDK4CIy4fgRqYt7BoG8E7gx8aRoKQFaFyHbpCip2oFIgxbPIhEc+NVxxKMt2rd5LDd0sU3fJoQo5agRZ7dTfla1kvaceNomMRD86WpzUBj/d5gO759OA+wKUHsGopQ2fr+b77D6wCWJzIPUa9GFf+OpIlIFU4h/rDYY6z7Agpr3H6uYER2krDFmfnM8m2tsEz4OeF5o/6B5Km3xLP+k2cFFir11A8K4+WoGirsn89nMe6ujl+aq9bAQBukxD2ApuwcJ6Zz0yv5cRwUsoUtEL8+wv/HuAydLi275ZBVU9OYuC5VK/eSUUo3BvKJoQLY8d/hgDNkSUHPbLqcUF2Bbi/ZvY3ENUiT2j/XdiW4A2brO2PvXV8Sku63PtDwsgfv4Azvvlik0udqiWjE7sxgam4AyxE6NtceokCnfDyTONRrIsQmdypr+I1eo5a9BwidU/bxOMcb0IBbyL2cvHqLzFGmae35ud7UsHQYAsZFnK/4t84XqD6G1sAiZKGLos0tVCfGW1kZhkM+lyJkOnaqePONtQ9ByrbJFLo6iJ/uqWtUT5C8v/u1NU8GMZYhUdY1LdaeqsDX+l/igAw7VGqN/PiibzDk6mveG5hu2AbE4uB4Azc065eB1YYWpbk2Qe1lK8QV72Dbbq4qmbD57M9IXMchETS+LwM4JQKbNHyRflD9qynMiXlCWu4w3W1fTIYrz+PkVTuHMMIwN7hYRPCcCfxY+WV5YaVAJnyQiQmWhWl6TOsBK2nwfLeXS/bPjati7TFYi8NeWWqMnGHVUtfyE0+pMiE0H0sRAAvNEL4UJMWkbvWDjEsKI19pGS+/fldA6sDKwEhoUybTKKtXhR02KrytHeeetpx1pYHq5GPHv5cRsBXubWlBHSYNpAczUipAixZxQ2jmssaSnV59LyGC1JyS2ZqmynUxKEr0BugqvEGP06kAjcr8InUouwzJe69r8L0vKrpMjRB+z7D356V5eJ9sGyI2PiZkbSThAUut/TxZiVpEMF3xp/rA6NZenBerDJaOxUG36FoPzXoxvf+cdz88CZJ09j8t2F5jk6BlmdA9P1Nra7YT1TwELhiNrpLQIzHJm+VM+6awaxlW2N+GhF3lp1g/S7d/4ZRJu02SjHzADCGyiw9PPgom8Hbrtsyz9PN5UlTwQ2eHZb5CbYThLiuZ+kNi5VaGWxty6tk8fre4cDuDxAYAkBEdbZuGgBDZXweyrDhR3lse4iyD4iwlTDmkfWMeAElNrTaw19mu/5uTQyCYVERClZ/AaFBe6rdn5LSTtKcXtfYpSeU6lctKT8/LRyOosU6HgucGGXoTYxRNQr+vU9RFrY8w5OIa5sdaDMzhPBX87GIC6D3haaPxcvXl97umCjMMHmsAu7pbArnw7/gEygLpVru28b7bnuCpNCfdZe6SOKKLEWjgfpPjDjw45OUy1v19YIkXiA7e0dE3K5oXFPs7+qSO6LK/csDIPlJaKYcSK2nbpR+VXxFYSv05x1JLUW7w64zrOO/IojDkJ2ux4wl/JI7pWaGp/Y/fZxoZ1AMFglrfsNjp0t6dNRclAKrW0bTxoMej8ddUuN8GWqE9qlgEiNVhpb9XZAwrO08PUWj9+RTZN6AcboEnn3cumX22RqCiYkHvZBnJYpIkaP/Gwe65QZpKM9C8FcIlW6G4JWHXyE9YnULFANyaK0c38uFYvZZdieGxk3CivpMjIiaUZmm6NKBWG9n02ZvA6d2e5RbSfTCNPj3MfQKaS8UvCvismzzqcwESzbTypz4xw+lupoevhpcq70aQarL5ruxCLRSXALfrnzVlf+OCh5egq/ZTUBpwBr9UejbXRM8hRsQUmwp29L6kfyf0y1W9bG4zCTl1K5u1qFhReH4pWGCfBeYafQ3fBN9YqE+NHZd5YwsZOCnhYDXupFoltB2TcKHRoI0NlSefG6rOD06X/GvCCvUHOuVcWsvY/+lYB3dmTm4TQjXselgIbjlwlh5WSWStyjkQCIWlU/1IrewjR+wBk86+IEB1LlkmKbUeC+OTt0saVYXBrqph/FppDxT8lbH0sJiz3xoblYIWTAT7RMvBByVE4zGMP3WytWT6Qx0S8iwAAA\"></p>', NULL, '2022-09-02 11:11:56', NULL, NULL, 'cbc', '0', NULL, '24.457892749395135,118.06860923767091;24.455666060647953,118.06946754455566;24.454064383002528,118.0713987350464;24.451486029876467,118.07444572448732;24.448282547952594,118.07629108428956;24.44390692887764,118.07822227478027', NULL, '10.11.0.87');
INSERT INTO `pl_roadrepair` VALUES (2, '2022-09-02 11:12:50', 'a9e43dc3abf14c27b1f00676892e0c14', '思明区', '2022-09-02 21:12:50', '成功大道隧道段维修', '<h1>成功大道日常维修</h1>', NULL, '2022-09-02 11:15:11', NULL, NULL, 'cbc', '0', NULL, '24.44845835090176,118.08485269546509;24.44900529184191,118.08534622192384;24.449688964679023,118.08740615844728;24.452638482112885,118.09787750244142', NULL, '10.11.0.87');

-- ----------------------------
-- Table structure for pt_hotel
-- ----------------------------
DROP TABLE IF EXISTS `pt_hotel`;
CREATE TABLE `pt_hotel`  (
                             `GATHER_ID` int(10) UNSIGNED NOT NULL AUTO_INCREMENT,
                             `ADDRESS` varchar(500) CHARACTER SET utf8 COLLATE utf8_general_ci NULL DEFAULT NULL COMMENT '旅馆地址',
                             `NAME` varchar(30) CHARACTER SET utf8 COLLATE utf8_general_ci NULL DEFAULT NULL COMMENT '旅馆名称',
                             `CONTENT` longtext CHARACTER SET utf8 COLLATE utf8_general_ci NULL,
                             `SEX` varchar(30) CHARACTER SET utf8 COLLATE utf8_general_ci NULL DEFAULT NULL,
                             `PRINCIPAL` varchar(30) CHARACTER SET utf8 COLLATE utf8_general_ci NULL DEFAULT NULL,
                             `ZZJG` varchar(30) CHARACTER SET utf8 COLLATE utf8_general_ci NULL DEFAULT NULL,
                             `GATHER_ZBY` varchar(30) CHARACTER SET utf8 COLLATE utf8_general_ci NULL DEFAULT NULL,
                             `GATHER_ZXSJ` varchar(50) CHARACTER SET utf8 COLLATE utf8_general_ci NULL DEFAULT NULL,
                             `GATHER_CJJQ` varchar(30) CHARACTER SET utf8 COLLATE utf8_general_ci NULL DEFAULT NULL,
                             `GATHER_ZBX` varchar(30) CHARACTER SET utf8 COLLATE utf8_general_ci NULL DEFAULT NULL,
                             `GATHER_ZXRY` varchar(30) CHARACTER SET utf8 COLLATE utf8_general_ci NULL DEFAULT NULL,
                             `GATHER_CJSJ` varchar(50) CHARACTER SET utf8 COLLATE utf8_general_ci NULL DEFAULT NULL,
                             `GATHER_ZXYY` varchar(3000) CHARACTER SET utf8 COLLATE utf8_general_ci NULL DEFAULT NULL,
                             `GATHER_GXSJ` varchar(50) CHARACTER SET utf8 COLLATE utf8_general_ci NULL DEFAULT NULL,
                             `GATHER_CJR` varchar(30) CHARACTER SET utf8 COLLATE utf8_general_ci NULL DEFAULT NULL,
                             `GATHER_ZXZT` varchar(30) CHARACTER SET utf8 COLLATE utf8_general_ci NULL DEFAULT NULL,
                             `GATHER_GXRY` varchar(30) CHARACTER SET utf8 COLLATE utf8_general_ci NULL DEFAULT NULL,
                             PRIMARY KEY (`GATHER_ID`) USING BTREE
) ENGINE = InnoDB AUTO_INCREMENT = 3 CHARACTER SET = utf8 COLLATE = utf8_general_ci ROW_FORMAT = Dynamic;

-- ----------------------------
-- Records of pt_hotel
-- ----------------------------
INSERT INTO `pt_hotel` VALUES (1, '思明区中华街道中山路98号', '七天酒店', '<p>	7天酒店（7 Days Inn）是锦江酒店（中国区）<span style=\"color: rgb(51, 102, 204);\">&nbsp;[1]</span><span style=\"color: rgb(19, 110, 194);\">&nbsp;</span>&nbsp;旗下经济型酒店品牌<span style=\"color: rgb(51, 102, 204);\">&nbsp;[2-3]</span><span style=\"color: rgb(19, 110, 194);\">&nbsp;</span>&nbsp;，成立于2005年，经过快速发展，分店已覆盖全国370个城市<span style=\"color: rgb(51, 102, 204);\">&nbsp;[4-5]</span><span style=\"color: rgb(19, 110, 194);\">&nbsp;</span>&nbsp;，规模达到3000家<span style=\"color: rgb(51, 102, 204);\">&nbsp;[6]</span><span style=\"color: rgb(19, 110, 194);\">&nbsp;</span>&nbsp;。</p><p>	经过15年的发展，7天酒店拥有“7天酒店”、“7天优品”、“7天优品Premium”等住宿系列<span style=\"color: rgb(51, 102, 204);\">&nbsp;[2]</span><span style=\"color: rgb(19, 110, 194);\">&nbsp;</span>&nbsp;。7天酒店已启动全国范围内的创新升级，旨在通过全新7天酒店，为客户带来舒适具有性价比的旅居体验<span style=\"color: rgb(51, 102, 204);\">&nbsp;[7]</span><span style=\"color: rgb(19, 110, 194);\">&nbsp;</span>&nbsp;。</p>', '男', '陈晓明', '思明区', '24.457697427395644', NULL, '10.11.0.87', '118.07126998901369', NULL, '2022-09-02 14:06:06', NULL, '2022-09-02 14:07:00', 'cbc', '0', 'cbc');
INSERT INTO `pt_hotel` VALUES (2, '思明区思明南路56号', '如家酒店', '<p>	如家酒店是<a href=\"https://baike.baidu.com/item/%E5%A6%82%E5%AE%B6%E9%85%92%E5%BA%97%E9%9B%86%E5%9B%A2/8887984?fromModule=lemma_inlink\" rel=\"noopener noreferrer\" target=\"_blank\" style=\"color: rgb(19, 110, 194);\">如家酒店集团</a>旗下3大品牌之一。</p><p>	如家酒店在全国300个城市拥有近2000家酒店。如家酒店多年获得中国金枕头奖“中国最佳经济型连锁酒店品牌”殊荣。2014年，如家酒店以4.2亿美元的品牌价值入选<a href=\"https://baike.baidu.com/item/%E4%B8%AD%E5%9B%BD%E5%93%81%E7%89%8C/16390090?fromModule=lemma_inlink\" rel=\"noopener noreferrer\" target=\"_blank\" style=\"color: rgb(19, 110, 194);\">中国品牌</a>100强。</p>', '女', '丽丽', '思明区', '24.452540817077907', NULL, '10.11.0.87', '118.07770729064943', NULL, '2022-09-02 14:08:16', NULL, NULL, 'cbc', '0', NULL);

-- ----------------------------
-- Table structure for pt_wangba
-- ----------------------------
DROP TABLE IF EXISTS `pt_wangba`;
CREATE TABLE `pt_wangba`  (
                              `GATHER_ID` int(10) UNSIGNED NOT NULL AUTO_INCREMENT,
                              `AUDIO` text CHARACTER SET utf8 COLLATE utf8_general_ci NULL,
                              `NAME` varchar(30) CHARACTER SET utf8 COLLATE utf8_general_ci NULL DEFAULT NULL COMMENT '网吧名称',
                              `PHOTO` text CHARACTER SET utf8 COLLATE utf8_general_ci NULL,
                              `STARTTIME` varchar(50) CHARACTER SET utf8 COLLATE utf8_general_ci NULL DEFAULT NULL,
                              `VIDEO` text CHARACTER SET utf8 COLLATE utf8_general_ci NULL,
                              `ADDRESS` varchar(500) CHARACTER SET utf8 COLLATE utf8_general_ci NULL DEFAULT NULL COMMENT '网吧地址',
                              `GATHER_ZBY` varchar(30) CHARACTER SET utf8 COLLATE utf8_general_ci NULL DEFAULT NULL,
                              `GATHER_ZXSJ` varchar(50) CHARACTER SET utf8 COLLATE utf8_general_ci NULL DEFAULT NULL,
                              `GATHER_CJJQ` varchar(30) CHARACTER SET utf8 COLLATE utf8_general_ci NULL DEFAULT NULL,
                              `GATHER_ZBX` varchar(30) CHARACTER SET utf8 COLLATE utf8_general_ci NULL DEFAULT NULL,
                              `GATHER_ZXRY` varchar(30) CHARACTER SET utf8 COLLATE utf8_general_ci NULL DEFAULT NULL,
                              `GATHER_CJSJ` varchar(50) CHARACTER SET utf8 COLLATE utf8_general_ci NULL DEFAULT NULL,
                              `GATHER_ZXYY` varchar(3000) CHARACTER SET utf8 COLLATE utf8_general_ci NULL DEFAULT NULL,
                              `GATHER_GXSJ` varchar(50) CHARACTER SET utf8 COLLATE utf8_general_ci NULL DEFAULT NULL,
                              `GATHER_CJR` varchar(30) CHARACTER SET utf8 COLLATE utf8_general_ci NULL DEFAULT NULL,
                              `GATHER_ZXZT` varchar(30) CHARACTER SET utf8 COLLATE utf8_general_ci NULL DEFAULT NULL,
                              `GATHER_GXRY` varchar(30) CHARACTER SET utf8 COLLATE utf8_general_ci NULL DEFAULT NULL,
                              PRIMARY KEY (`GATHER_ID`) USING BTREE
) ENGINE = InnoDB AUTO_INCREMENT = 3 CHARACTER SET = utf8 COLLATE = utf8_general_ci ROW_FORMAT = Dynamic;

-- ----------------------------
-- Records of pt_wangba
-- ----------------------------
INSERT INTO `pt_wangba` VALUES (1, '7069bfbc754945148479f1d0c45c6e83', '王者网吧', 'ee51b92089bf41ceb6234a2a6a1c886e', '2022-09-01 17:11:59', 'c7d3a89670a945d59b7b88a431732349', '思明区梧村街道中华路23号', '24.46840062647489', NULL, '10.11.0.87', '118.10474395751953', NULL, '2022-09-01 17:15:45', NULL, '2022-09-01 17:16:09', 'cbc', '0', 'cbc');
INSERT INTO `pt_wangba` VALUES (2, '30797d1db7974a6bae66526f2a39d9a2', '成功网吧', 'd5e375a954bc44babc48dc07bc8e6a76', '2022-09-02 10:57:27', '620d6764695f48e3abdeb5f2e0407a72', '思明区中华街道中华路44号', '24.453244003640076', NULL, '10.11.0.87', '118.07882308959962', NULL, '2022-09-02 10:59:02', NULL, NULL, 'cbc', '0', NULL);



/*!40101 SET SQL_MODE=@OLD_SQL_MODE */;
/*!40014 SET FOREIGN_KEY_CHECKS=@OLD_FOREIGN_KEY_CHECKS */;
/*!40014 SET UNIQUE_CHECKS=@OLD_UNIQUE_CHECKS */;
/*!40111 SET SQL_NOTES=@OLD_SQL_NOTES */;
